-- --------------------------------------------------------
-- Host:                         127.0.0.1
-- Server version:               10.7.4-MariaDB - mariadb.org binary distribution
-- Server OS:                    Win64
-- HeidiSQL Version:             11.3.0.6295
-- --------------------------------------------------------

/*!40101 SET @OLD_CHARACTER_SET_CLIENT=@@CHARACTER_SET_CLIENT */;
/*!40101 SET NAMES utf8 */;
/*!50503 SET NAMES utf8mb4 */;
/*!40014 SET @OLD_FOREIGN_KEY_CHECKS=@@FOREIGN_KEY_CHECKS, FOREIGN_KEY_CHECKS=0 */;
/*!40101 SET @OLD_SQL_MODE=@@SQL_MODE, SQL_MODE='NO_AUTO_VALUE_ON_ZERO' */;
/*!40111 SET @OLD_SQL_NOTES=@@SQL_NOTES, SQL_NOTES=0 */;


-- Dumping database structure for e2s_db
CREATE DATABASE IF NOT EXISTS `e2s_db` /*!40100 DEFAULT CHARACTER SET utf8mb4 COLLATE utf8mb4_unicode_520_ci */;
USE `e2s_db`;

-- Dumping structure for table e2s_db.assets
CREATE TABLE IF NOT EXISTS `assets` (
  `asset_id` int(11) NOT NULL AUTO_INCREMENT,
  `asset_name` varchar(50) COLLATE utf8mb4_unicode_520_ci DEFAULT NULL,
  `type_id` int(11) DEFAULT NULL,
  `room_id` int(11) DEFAULT NULL,
  `efficiency` varchar(50) COLLATE utf8mb4_unicode_520_ci DEFAULT NULL,
  `emissions` int(11) DEFAULT NULL,
  PRIMARY KEY (`asset_id`),
  KEY `FK_assets_energy_asset_types` (`type_id`),
  KEY `FK_assets_rooms` (`room_id`),
  CONSTRAINT `FK_assets_energy_asset_types` FOREIGN KEY (`type_id`) REFERENCES `asset_types` (`type_id`) ON DELETE NO ACTION ON UPDATE NO ACTION,
  CONSTRAINT `FK_assets_rooms` FOREIGN KEY (`room_id`) REFERENCES `rooms` (`room_id`) ON DELETE NO ACTION ON UPDATE NO ACTION
) ENGINE=InnoDB AUTO_INCREMENT=2 DEFAULT CHARSET=utf8mb4 COLLATE=utf8mb4_unicode_520_ci;

-- Dumping data for table e2s_db.assets: ~0 rows (approximately)
/*!40000 ALTER TABLE `assets` DISABLE KEYS */;
INSERT INTO `assets` (`asset_id`, `asset_name`, `type_id`, `room_id`, `efficiency`, `emissions`) VALUES
	(1, 'HVAC 1', 7, 2, 'A++', 30);
/*!40000 ALTER TABLE `assets` ENABLE KEYS */;

-- Dumping structure for table e2s_db.assets_historic
CREATE TABLE IF NOT EXISTS `assets_historic` (
  `ref_id` int(11) NOT NULL AUTO_INCREMENT,
  `asset_id` int(11) DEFAULT NULL,
  `supplier_id` int(11) DEFAULT NULL,
  `energy_usage` int(11) DEFAULT NULL,
  `energy_gen` int(11) DEFAULT NULL,
  `gas_usage` int(11) DEFAULT NULL,
  `heat_output` int(11) DEFAULT NULL,
  `time_stamp` timestamp NULL DEFAULT NULL,
  PRIMARY KEY (`ref_id`),
  KEY `FK_assets_historic_assets` (`asset_id`),
  KEY `FK_assets_historic_suppliers` (`supplier_id`),
  CONSTRAINT `FK_assets_historic_assets` FOREIGN KEY (`asset_id`) REFERENCES `assets` (`asset_id`) ON DELETE NO ACTION ON UPDATE NO ACTION,
  CONSTRAINT `FK_assets_historic_suppliers` FOREIGN KEY (`supplier_id`) REFERENCES `suppliers` (`supplier_id`) ON DELETE NO ACTION ON UPDATE NO ACTION
) ENGINE=InnoDB DEFAULT CHARSET=utf8mb4 COLLATE=utf8mb4_unicode_520_ci;

-- Dumping data for table e2s_db.assets_historic: ~0 rows (approximately)
/*!40000 ALTER TABLE `assets_historic` DISABLE KEYS */;
/*!40000 ALTER TABLE `assets_historic` ENABLE KEYS */;

-- Dumping structure for table e2s_db.asset_types
CREATE TABLE IF NOT EXISTS `asset_types` (
  `type_id` int(11) NOT NULL AUTO_INCREMENT,
  `type_name` varchar(50) DEFAULT NULL,
  `type_price_recent` varchar(150) DEFAULT NULL,
  `type_emmisions_recent` varchar(150) DEFAULT NULL,
  PRIMARY KEY (`type_id`)
) ENGINE=InnoDB AUTO_INCREMENT=8 DEFAULT CHARSET=utf8mb4;

-- Dumping data for table e2s_db.asset_types: ~7 rows (approximately)
/*!40000 ALTER TABLE `asset_types` DISABLE KEYS */;
INSERT INTO `asset_types` (`type_id`, `type_name`, `type_price_recent`, `type_emmisions_recent`) VALUES
	(1, 'Heater', '60', '40'),
	(2, 'Fridge', '30', '10'),
	(3, 'Freezer', '40', '20'),
	(4, 'Heat Pump', '50', '20'),
	(5, 'Vents', '5', '10'),
	(6, 'AC', '60', '35'),
	(7, 'HVAC', '160', '60');
/*!40000 ALTER TABLE `asset_types` ENABLE KEYS */;

-- Dumping structure for table e2s_db.buisness_goals
CREATE TABLE IF NOT EXISTS `buisness_goals` (
  `goal_id` int(11) NOT NULL AUTO_INCREMENT,
  `goal_desc` varchar(200) COLLATE utf8mb4_unicode_520_ci DEFAULT NULL,
  `goal_target` int(11) DEFAULT NULL,
  `goal_target_type` int(11) DEFAULT NULL,
  PRIMARY KEY (`goal_id`),
  KEY `FK_buisness_goals_buisness_goals_target_types` (`goal_target_type`),
  CONSTRAINT `FK_buisness_goals_buisness_goals_target_types` FOREIGN KEY (`goal_target_type`) REFERENCES `buisness_goals_target_types` (`target_id`) ON DELETE NO ACTION ON UPDATE NO ACTION
) ENGINE=InnoDB AUTO_INCREMENT=5 DEFAULT CHARSET=utf8mb4 COLLATE=utf8mb4_unicode_520_ci;

-- Dumping data for table e2s_db.buisness_goals: ~4 rows (approximately)
/*!40000 ALTER TABLE `buisness_goals` DISABLE KEYS */;
INSERT INTO `buisness_goals` (`goal_id`, `goal_desc`, `goal_target`, `goal_target_type`) VALUES
	(1, 'I would like to make more money from exporting energy', 12, 3),
	(2, 'I would like to reduce CO2 emissions', 30, 4),
	(3, 'I would like to save on my energy bills', 60, 2),
	(4, 'I would like to increase energy efficiency ', 10, 1);
/*!40000 ALTER TABLE `buisness_goals` ENABLE KEYS */;

-- Dumping structure for table e2s_db.buisness_goals_organisations_crossref
CREATE TABLE IF NOT EXISTS `buisness_goals_organisations_crossref` (
  `goal_id` int(11) DEFAULT NULL,
  `org_id` int(11) DEFAULT NULL,
  KEY `FK__buisness_goals` (`goal_id`),
  KEY `FK__organisations` (`org_id`),
  CONSTRAINT `FK__buisness_goals` FOREIGN KEY (`goal_id`) REFERENCES `buisness_goals` (`goal_id`) ON DELETE CASCADE ON UPDATE NO ACTION,
  CONSTRAINT `FK__organisations` FOREIGN KEY (`org_id`) REFERENCES `organisations` (`org_id`) ON DELETE CASCADE ON UPDATE NO ACTION
) ENGINE=InnoDB DEFAULT CHARSET=utf8mb4 COLLATE=utf8mb4_unicode_520_ci;

-- Dumping data for table e2s_db.buisness_goals_organisations_crossref: ~5 rows (approximately)
/*!40000 ALTER TABLE `buisness_goals_organisations_crossref` DISABLE KEYS */;
INSERT INTO `buisness_goals_organisations_crossref` (`goal_id`, `org_id`) VALUES
	(2, 1),
	(1, 1),
	(3, 1),
	(2, 2),
	(4, 3);
/*!40000 ALTER TABLE `buisness_goals_organisations_crossref` ENABLE KEYS */;

-- Dumping structure for table e2s_db.buisness_goals_target_types
CREATE TABLE IF NOT EXISTS `buisness_goals_target_types` (
  `target_id` int(11) NOT NULL,
  `target_desc` varchar(50) NOT NULL DEFAULT '',
  PRIMARY KEY (`target_id`)
) ENGINE=InnoDB DEFAULT CHARSET=utf8mb4;

-- Dumping data for table e2s_db.buisness_goals_target_types: ~4 rows (approximately)
/*!40000 ALTER TABLE `buisness_goals_target_types` DISABLE KEYS */;
INSERT INTO `buisness_goals_target_types` (`target_id`, `target_desc`) VALUES
	(1, 'Percentage Increase'),
	(2, 'Percentage Decrease'),
	(3, 'Flat Increase'),
	(4, 'Flat Decrease');
/*!40000 ALTER TABLE `buisness_goals_target_types` ENABLE KEYS */;

-- Dumping structure for table e2s_db.floors
CREATE TABLE IF NOT EXISTS `floors` (
  `floor_id` int(11) NOT NULL,
  `floor_number` int(11) NOT NULL,
  `floor_size_x` int(11) NOT NULL,
  `floor_size_y` int(11) NOT NULL,
  `site_id` int(11) NOT NULL,
  PRIMARY KEY (`floor_id`),
  KEY `FK__site_details` (`site_id`),
  CONSTRAINT `FK__site_details` FOREIGN KEY (`site_id`) REFERENCES `sites` (`site_id`) ON DELETE NO ACTION ON UPDATE NO ACTION
) ENGINE=InnoDB DEFAULT CHARSET=latin1;

-- Dumping data for table e2s_db.floors: ~4 rows (approximately)
/*!40000 ALTER TABLE `floors` DISABLE KEYS */;
INSERT INTO `floors` (`floor_id`, `floor_number`, `floor_size_x`, `floor_size_y`, `site_id`) VALUES
	(1, 1, 34, 34, 1),
	(2, 2, 12, 36, 1),
	(3, 1, 32, 12, 2),
	(4, 0, 234, 21, 3);
/*!40000 ALTER TABLE `floors` ENABLE KEYS */;

-- Dumping structure for table e2s_db.industries
CREATE TABLE IF NOT EXISTS `industries` (
  `industry_id` int(11) NOT NULL AUTO_INCREMENT,
  `industry_name` varchar(50) DEFAULT NULL,
  PRIMARY KEY (`industry_id`)
) ENGINE=InnoDB AUTO_INCREMENT=5 DEFAULT CHARSET=utf8mb4;

-- Dumping data for table e2s_db.industries: ~4 rows (approximately)
/*!40000 ALTER TABLE `industries` DISABLE KEYS */;
INSERT INTO `industries` (`industry_id`, `industry_name`) VALUES
	(1, 'Manufacturing'),
	(2, 'Education'),
	(3, 'Public Sector'),
	(4, 'Commercial');
/*!40000 ALTER TABLE `industries` ENABLE KEYS */;

-- Dumping structure for table e2s_db.networks
CREATE TABLE IF NOT EXISTS `networks` (
  `network_id` int(11) NOT NULL AUTO_INCREMENT,
  `network_name` varchar(50) COLLATE utf8mb4_unicode_520_ci DEFAULT NULL,
  PRIMARY KEY (`network_id`)
) ENGINE=InnoDB AUTO_INCREMENT=15 DEFAULT CHARSET=utf8mb4 COLLATE=utf8mb4_unicode_520_ci;

-- Dumping data for table e2s_db.networks: ~14 rows (approximately)
/*!40000 ALTER TABLE `networks` DISABLE KEYS */;
INSERT INTO `networks` (`network_id`, `network_name`) VALUES
	(1, 'Eastern Power Networks'),
	(2, 'Western Power Distribution (East Midlands)'),
	(3, 'London Power Networks'),
	(4, 'SP Manweb'),
	(5, 'Western Power Distribution (West Midlands)'),
	(6, 'Northern Powergrid (Northeast)'),
	(7, 'Electricity North West'),
	(8, 'Scottish Hydro Electric Power Distribution'),
	(9, 'SP Distribution'),
	(10, 'South Eastern Power Networks'),
	(11, 'Southern Electric Power Distribution'),
	(12, 'Western Power Distribution (South Wales)'),
	(13, 'Western Power Distribution (South West)'),
	(14, 'Northern Powergrid (Yorkshite)');
/*!40000 ALTER TABLE `networks` ENABLE KEYS */;

-- Dumping structure for table e2s_db.network_time_band_colours
CREATE TABLE IF NOT EXISTS `network_time_band_colours` (
  `colour_id` int(11) NOT NULL AUTO_INCREMENT,
  `colour_band` varchar(50) COLLATE utf8mb4_unicode_520_ci DEFAULT NULL,
  PRIMARY KEY (`colour_id`) USING BTREE
) ENGINE=InnoDB AUTO_INCREMENT=4 DEFAULT CHARSET=utf8mb4 COLLATE=utf8mb4_unicode_520_ci;

-- Dumping data for table e2s_db.network_time_band_colours: ~3 rows (approximately)
/*!40000 ALTER TABLE `network_time_band_colours` DISABLE KEYS */;
INSERT INTO `network_time_band_colours` (`colour_id`, `colour_band`) VALUES
	(1, 'Red'),
	(2, 'Amber'),
	(3, 'Green');
/*!40000 ALTER TABLE `network_time_band_colours` ENABLE KEYS */;

-- Dumping structure for table e2s_db.network_time_band_times
CREATE TABLE IF NOT EXISTS `network_time_band_times` (
  `time_id` int(11) NOT NULL AUTO_INCREMENT,
  `colour_id` int(11) DEFAULT NULL,
  `period_id` int(11) DEFAULT NULL,
  `network_id` int(11) DEFAULT NULL,
  `time_start` varchar(5) COLLATE utf8mb4_unicode_520_ci DEFAULT NULL,
  `time_finish` varchar(5) COLLATE utf8mb4_unicode_520_ci DEFAULT NULL,
  PRIMARY KEY (`time_id`),
  KEY `FK_network_time_band_times_network_time_band_colours` (`colour_id`),
  KEY `FK_network_time_band_times_network_time_periods` (`period_id`),
  KEY `FK_network_time_band_times_networks` (`network_id`),
  CONSTRAINT `FK_network_time_band_times_network_time_band_colours` FOREIGN KEY (`colour_id`) REFERENCES `network_time_band_colours` (`colour_id`) ON DELETE NO ACTION ON UPDATE NO ACTION,
  CONSTRAINT `FK_network_time_band_times_network_time_periods` FOREIGN KEY (`period_id`) REFERENCES `network_time_periods` (`period_id`) ON DELETE NO ACTION ON UPDATE NO ACTION,
  CONSTRAINT `FK_network_time_band_times_networks` FOREIGN KEY (`network_id`) REFERENCES `networks` (`network_id`) ON DELETE NO ACTION ON UPDATE NO ACTION
) ENGINE=InnoDB AUTO_INCREMENT=16 DEFAULT CHARSET=utf8mb4 COLLATE=utf8mb4_unicode_520_ci;

-- Dumping data for table e2s_db.network_time_band_times: ~15 rows (approximately)
/*!40000 ALTER TABLE `network_time_band_times` DISABLE KEYS */;
INSERT INTO `network_time_band_times` (`time_id`, `colour_id`, `period_id`, `network_id`, `time_start`, `time_finish`) VALUES
	(1, 1, 1, 1, '1600', '1900'),
	(2, 1, 1, 2, '1600', '1900'),
	(3, 1, 1, 3, '1100', '1400'),
	(4, 1, 1, 3, '1600', '1900'),
	(5, 1, 1, 4, '1630', '1930'),
	(6, 1, 1, 5, '1600', '1900'),
	(7, 1, 1, 6, '1600', '1930'),
	(8, 1, 1, 7, '1600', '1900'),
	(9, 1, 1, 8, '1600', '1900'),
	(10, 1, 1, 9, '1630', '1930'),
	(11, 1, 1, 10, '1600', '1900'),
	(12, 1, 1, 11, '1630', '1930'),
	(13, 1, 1, 12, '1700', '1930'),
	(14, 1, 1, 13, '1700', '1900'),
	(15, 1, 1, 14, '1600', '1930');
/*!40000 ALTER TABLE `network_time_band_times` ENABLE KEYS */;

-- Dumping structure for table e2s_db.network_time_periods
CREATE TABLE IF NOT EXISTS `network_time_periods` (
  `period_id` int(11) NOT NULL AUTO_INCREMENT,
  `period_time` varchar(50) COLLATE utf8mb4_unicode_520_ci DEFAULT NULL,
  PRIMARY KEY (`period_id`)
) ENGINE=InnoDB AUTO_INCREMENT=3 DEFAULT CHARSET=utf8mb4 COLLATE=utf8mb4_unicode_520_ci;

-- Dumping data for table e2s_db.network_time_periods: ~2 rows (approximately)
/*!40000 ALTER TABLE `network_time_periods` DISABLE KEYS */;
INSERT INTO `network_time_periods` (`period_id`, `period_time`) VALUES
	(1, 'Monday to Friday'),
	(2, 'Weekends');
/*!40000 ALTER TABLE `network_time_periods` ENABLE KEYS */;

-- Dumping structure for table e2s_db.onb_requests
CREATE TABLE IF NOT EXISTS `onb_requests` (
  `onb_id` int(11) NOT NULL AUTO_INCREMENT,
  `request_email` varchar(50) DEFAULT NULL,
  `request_name` varchar(50) DEFAULT NULL,
  `industry_id` int(11) DEFAULT NULL,
  `buisness_name` varchar(50) DEFAULT NULL,
  `message` varchar(1000) DEFAULT NULL,
  `request_date` datetime DEFAULT NULL,
  PRIMARY KEY (`onb_id`),
  KEY `FK_onb_requests_industries` (`industry_id`),
  CONSTRAINT `FK_onb_requests_industries` FOREIGN KEY (`industry_id`) REFERENCES `industries` (`industry_id`) ON DELETE SET NULL ON UPDATE NO ACTION
) ENGINE=InnoDB AUTO_INCREMENT=4 DEFAULT CHARSET=utf8mb4;

-- Dumping data for table e2s_db.onb_requests: ~3 rows (approximately)
/*!40000 ALTER TABLE `onb_requests` DISABLE KEYS */;
INSERT INTO `onb_requests` (`onb_id`, `request_email`, `request_name`, `industry_id`, `buisness_name`, `message`, `request_date`) VALUES
	(1, 'johndoe10@email.com', 'John', 2, 'John Teaches The Young', 'I want to teach the young and need to be more efficient, help', '2017-11-01 19:03:29'),
	(2, 'brocklee@vegetation.com', 'Brock', 1, 'Making Vegetables TM', 'I would like to grow some broccoil, help me', '2019-10-09 02:14:33'),
	(3, 'drwillhurt@nhs.com', 'Will', 3, 'NHS', 'I am doctor who is on a site, I would like to see the energy usage of my site.', '2019-01-20 21:01:23');
/*!40000 ALTER TABLE `onb_requests` ENABLE KEYS */;

-- Dumping structure for table e2s_db.organisations
CREATE TABLE IF NOT EXISTS `organisations` (
  `org_id` int(11) NOT NULL AUTO_INCREMENT,
  `name` varchar(50) COLLATE utf8mb4_unicode_520_ci DEFAULT NULL,
  `industry_id` int(11) DEFAULT NULL,
  `com_house_number` int(7) DEFAULT NULL,
  `payment_id` int(11) DEFAULT NULL,
  `director_id` int(11) DEFAULT NULL,
  PRIMARY KEY (`org_id`),
  KEY `FK_organisations_payment_details` (`payment_id`),
  KEY `FK_organisations_user_data` (`director_id`),
  KEY `FK_organisations_industries` (`industry_id`),
  CONSTRAINT `FK_organisations_industries` FOREIGN KEY (`industry_id`) REFERENCES `industries` (`industry_id`) ON DELETE NO ACTION ON UPDATE NO ACTION,
  CONSTRAINT `FK_organisations_payment_details` FOREIGN KEY (`payment_id`) REFERENCES `payment_details` (`payment_id`) ON DELETE NO ACTION ON UPDATE NO ACTION,
  CONSTRAINT `FK_organisations_user_director` FOREIGN KEY (`director_id`) REFERENCES `user_director` (`director_id`) ON DELETE NO ACTION ON UPDATE NO ACTION
) ENGINE=InnoDB AUTO_INCREMENT=4 DEFAULT CHARSET=utf8mb4 COLLATE=utf8mb4_unicode_520_ci;

-- Dumping data for table e2s_db.organisations: ~3 rows (approximately)
/*!40000 ALTER TABLE `organisations` DISABLE KEYS */;
INSERT INTO `organisations` (`org_id`, `name`, `industry_id`, `com_house_number`, `payment_id`, `director_id`) VALUES
	(1, 'Man With A Hammer', 1, 9327312, 1, NULL),
	(2, 'Teaching Matters', 2, NULL, 2, NULL),
	(3, 'Buy A Box', 4, 3746291, 3, NULL);
/*!40000 ALTER TABLE `organisations` ENABLE KEYS */;

-- Dumping structure for table e2s_db.password_reset
CREATE TABLE IF NOT EXISTS `password_reset` (
  `user_id` int(11) NOT NULL,
  `code` varchar(150) NOT NULL,
  `expiry_time` datetime NOT NULL,
  PRIMARY KEY (`user_id`)
) ENGINE=InnoDB DEFAULT CHARSET=latin1;

-- Dumping data for table e2s_db.password_reset: ~0 rows (approximately)
/*!40000 ALTER TABLE `password_reset` DISABLE KEYS */;
/*!40000 ALTER TABLE `password_reset` ENABLE KEYS */;

-- Dumping structure for table e2s_db.payment_details
CREATE TABLE IF NOT EXISTS `payment_details` (
  `payment_id` int(11) NOT NULL AUTO_INCREMENT,
  `account_number` int(8) DEFAULT 0,
  `sort_code` varchar(9) COLLATE utf8mb4_unicode_520_ci DEFAULT NULL,
  PRIMARY KEY (`payment_id`)
) ENGINE=InnoDB AUTO_INCREMENT=4 DEFAULT CHARSET=utf8mb4 COLLATE=utf8mb4_unicode_520_ci;

-- Dumping data for table e2s_db.payment_details: ~3 rows (approximately)
/*!40000 ALTER TABLE `payment_details` DISABLE KEYS */;
INSERT INTO `payment_details` (`payment_id`, `account_number`, `sort_code`) VALUES
	(1, 92812246, '92-10-23'),
	(2, 56421235, '46-30-21'),
	(3, 42334532, '20-32-12');
/*!40000 ALTER TABLE `payment_details` ENABLE KEYS */;

-- Dumping structure for table e2s_db.rooms
CREATE TABLE IF NOT EXISTS `rooms` (
  `room_id` int(11) NOT NULL AUTO_INCREMENT,
  `room_name` varchar(50) DEFAULT NULL,
  `floor_id` int(11) NOT NULL,
  `room_size_x` int(11) NOT NULL DEFAULT 0,
  `room_size_y` int(11) NOT NULL DEFAULT 0,
  `room_pos_x` int(11) NOT NULL DEFAULT 0,
  `room_pos_y` int(11) NOT NULL DEFAULT 0,
  PRIMARY KEY (`room_id`),
  KEY `FK_rooms_floors` (`floor_id`),
  CONSTRAINT `FK_rooms_floors` FOREIGN KEY (`floor_id`) REFERENCES `floors` (`floor_id`) ON DELETE NO ACTION ON UPDATE NO ACTION
) ENGINE=InnoDB AUTO_INCREMENT=5 DEFAULT CHARSET=utf8mb4;

-- Dumping data for table e2s_db.rooms: ~4 rows (approximately)
/*!40000 ALTER TABLE `rooms` DISABLE KEYS */;
INSERT INTO `rooms` (`room_id`, `room_name`, `floor_id`, `room_size_x`, `room_size_y`, `room_pos_x`, `room_pos_y`) VALUES
	(1, NULL, 1, 10, 10, 25, 30),
	(2, NULL, 2, 5, 5, 45, 45),
	(3, NULL, 2, 2, 3, 5, 5),
	(4, NULL, 3, 10, 2, 20, 26);
/*!40000 ALTER TABLE `rooms` ENABLE KEYS */;

-- Dumping structure for table e2s_db.sites
CREATE TABLE IF NOT EXISTS `sites` (
  `site_id` int(11) NOT NULL AUTO_INCREMENT,
  `site_name` varchar(50) COLLATE utf8mb4_unicode_520_ci DEFAULT NULL,
  `post_code` varchar(9) COLLATE utf8mb4_unicode_520_ci DEFAULT NULL,
  `address_l1` varchar(40) COLLATE utf8mb4_unicode_520_ci DEFAULT NULL,
  `address_l2` varchar(40) COLLATE utf8mb4_unicode_520_ci NOT NULL DEFAULT 'ADR2',
  `county` varchar(20) COLLATE utf8mb4_unicode_520_ci DEFAULT NULL,
  `site_size_x` int(11) NOT NULL DEFAULT 0,
  `site_size_y` int(11) NOT NULL DEFAULT 0,
  `org_id` int(11) DEFAULT NULL,
  PRIMARY KEY (`site_id`),
  KEY `FK_site_details_organisations` (`org_id`) USING BTREE,
  CONSTRAINT `FK_sites_organisations` FOREIGN KEY (`org_id`) REFERENCES `organisations` (`org_id`) ON DELETE NO ACTION ON UPDATE NO ACTION
) ENGINE=InnoDB AUTO_INCREMENT=4 DEFAULT CHARSET=utf8mb4 COLLATE=utf8mb4_unicode_520_ci;

-- Dumping data for table e2s_db.sites: ~3 rows (approximately)
/*!40000 ALTER TABLE `sites` DISABLE KEYS */;
INSERT INTO `sites` (`site_id`, `site_name`, `post_code`, `address_l1`, `address_l2`, `county`, `site_size_x`, `site_size_y`, `org_id`) VALUES
	(1, NULL, 'ST21 C45', '21 Fictional Way', 'Building 5', 'Worcestershire', 20, 50, 1),
	(2, NULL, 'EE4 A83', '15 Made This Up Place', '0', 'Devon', 234, 43, 2),
	(3, NULL, 'AA93 Y56', '99 Road Street', 'ADR2', 'Scotland', 80, 80, 3);
/*!40000 ALTER TABLE `sites` ENABLE KEYS */;

-- Dumping structure for table e2s_db.sites_historic
CREATE TABLE IF NOT EXISTS `sites_historic` (
  `entry_id` int(11) NOT NULL AUTO_INCREMENT,
  `site_id` int(11) DEFAULT NULL,
  `supplier_id` int(11) DEFAULT NULL,
  `energy_demand` float DEFAULT NULL,
  `heat_demand` float DEFAULT NULL,
  `energy_cost` float DEFAULT NULL,
  `energy_output` float DEFAULT NULL,
  `energy_imported` float DEFAULT NULL,
  `energy_exported` float DEFAULT NULL,
  `feels_like` float DEFAULT NULL,
  `wind_speed` float DEFAULT NULL,
  `carbon_emitted` float DEFAULT NULL,
  `time_stamp` timestamp NULL DEFAULT NULL,
  `date_time` datetime DEFAULT NULL,
  PRIMARY KEY (`entry_id`),
  KEY `FK_site_energy_data_site_data` (`site_id`),
  KEY `FK_site_energy_data_suppliers` (`supplier_id`),
  CONSTRAINT `FK_site_energy_data_site_data` FOREIGN KEY (`site_id`) REFERENCES `sites` (`site_id`) ON DELETE NO ACTION ON UPDATE NO ACTION,
  CONSTRAINT `FK_site_energy_data_suppliers` FOREIGN KEY (`supplier_id`) REFERENCES `suppliers` (`supplier_id`) ON DELETE NO ACTION ON UPDATE NO ACTION
) ENGINE=InnoDB AUTO_INCREMENT=1502 DEFAULT CHARSET=utf8mb4;

-- Dumping data for table e2s_db.sites_historic: ~1,500 rows (approximately)
/*!40000 ALTER TABLE `sites_historic` DISABLE KEYS */;
INSERT INTO `sites_historic` (`entry_id`, `site_id`, `supplier_id`, `energy_demand`, `heat_demand`, `energy_cost`, `energy_output`, `energy_imported`, `energy_exported`, `feels_like`, `wind_speed`, `carbon_emitted`, `time_stamp`, `date_time`) VALUES
	(2, 1, 1, 120, 14, 92, 0, 120, 0, 14, 3, 16, '2018-01-01 01:00:00', NULL),
	(3, 1, 1, 173, 15, 48, 0, 173, 0, 17, 11, 15, '2018-01-01 01:30:00', NULL),
	(4, 1, 1, 109, 14, 45, 0, 109, 0, 20, 2, 7, '2018-01-01 02:00:00', NULL),
	(5, 1, 1, 155, 19, 24, 0, 155, 0, 20, 8, 8, '2018-01-01 02:30:00', NULL),
	(6, 1, 1, 82, 20, 36, 0, 82, 0, 18, 10, 10, '2018-01-01 03:00:00', NULL),
	(7, 1, 1, 154, 17, 96, 0, 154, 0, 16, 10, 10, '2018-01-01 03:30:00', NULL),
	(8, 1, 1, 88, 17, 68, 0, 88, 0, 21, 2, 13, '2018-01-01 04:00:00', NULL),
	(9, 1, 1, 85, 14, 41, 0, 85, 0, 18, 10, 12, '2018-01-01 04:30:00', NULL),
	(10, 1, 1, 154, 17, 41, 0, 154, 0, 20, 4, 12, '2018-01-01 05:00:00', NULL),
	(11, 1, 1, 76, 19, 73, 0, 76, 0, 20, 6, 15, '2018-01-01 05:30:00', NULL),
	(12, 1, 1, 171, 18, 79, 0, 171, 0, 20, 7, 9, '2018-01-01 06:00:00', NULL),
	(13, 1, 1, 134, 21, 102, 0, 134, 0, 20, 6, 16, '2018-01-01 06:30:00', NULL),
	(14, 1, 1, 111, 18, 76, 0, 111, 0, 18, 11, 12, '2018-01-01 07:00:00', NULL),
	(15, 1, 1, 151, 14, 44, 0, 151, 0, 19, 8, 15, '2018-01-01 07:30:00', NULL),
	(16, 1, 1, 89, 17, 29, 0, 89, 0, 18, 11, 7, '2018-01-01 08:00:00', NULL),
	(17, 1, 1, 175, 14, 77, 0, 175, 0, 20, 9, 15, '2018-01-01 08:30:00', NULL),
	(18, 1, 1, 76, 20, 82, 0, 76, 0, 18, 3, 9, '2018-01-01 09:00:00', NULL),
	(19, 1, 1, 153, 20, 27, 0, 153, 0, 20, 11, 17, '2018-01-01 09:30:00', NULL),
	(20, 1, 1, 158, 15, 62, 0, 158, 0, 16, 11, 14, '2018-01-01 10:00:00', NULL),
	(21, 1, 1, 131, 20, 70, 0, 131, 0, 21, 10, 12, '2018-01-01 10:30:00', NULL),
	(22, 1, 1, 116, 14, 74, 0, 116, 0, 21, 3, 14, '2018-01-01 11:00:00', NULL),
	(23, 1, 1, 81, 15, 67, 0, 81, 0, 17, 3, 12, '2018-01-01 11:30:00', NULL),
	(24, 1, 1, 92, 17, 94, 0, 92, 0, 21, 8, 16, '2018-01-01 12:00:00', NULL),
	(25, 1, 1, 118, 16, 95, 0, 118, 0, 21, 9, 9, '2018-01-01 12:30:00', NULL),
	(26, 1, 1, 131, 20, 80, 0, 131, 0, 14, 11, 12, '2018-01-01 13:00:00', NULL),
	(27, 1, 1, 162, 16, 77, 0, 162, 0, 19, 7, 9, '2018-01-01 13:30:00', NULL),
	(28, 1, 1, 113, 18, 105, 0, 113, 0, 21, 9, 9, '2018-01-01 14:00:00', NULL),
	(29, 1, 1, 78, 16, 49, 0, 78, 0, 17, 2, 12, '2018-01-01 14:30:00', NULL),
	(30, 1, 1, 116, 15, 107, 0, 116, 0, 18, 6, 10, '2018-01-01 15:00:00', NULL),
	(31, 1, 1, 158, 17, 32, 0, 158, 0, 20, 9, 13, '2018-01-01 15:30:00', NULL),
	(32, 1, 1, 139, 16, 56, 0, 139, 0, 19, 10, 16, '2018-01-01 16:00:00', NULL),
	(33, 1, 1, 127, 19, 83, 0, 127, 0, 20, 4, 7, '2018-01-01 16:30:00', NULL),
	(34, 1, 1, 78, 17, 51, 0, 78, 0, 16, 7, 15, '2018-01-01 17:00:00', NULL),
	(35, 1, 1, 127, 15, 83, 0, 127, 0, 20, 3, 12, '2018-01-01 17:30:00', NULL),
	(36, 1, 1, 167, 15, 102, 0, 167, 0, 21, 7, 15, '2018-01-01 18:00:00', NULL),
	(37, 1, 1, 90, 14, 67, 0, 90, 0, 20, 3, 17, '2018-01-01 18:30:00', NULL),
	(38, 1, 1, 142, 18, 26, 0, 142, 0, 15, 3, 9, '2018-01-01 19:00:00', NULL),
	(39, 1, 1, 100, 16, 29, 0, 100, 0, 15, 8, 15, '2018-01-01 19:30:00', NULL),
	(40, 1, 1, 143, 17, 61, 0, 143, 0, 19, 5, 15, '2018-01-01 20:00:00', NULL),
	(41, 1, 1, 153, 16, 66, 0, 153, 0, 20, 3, 9, '2018-01-01 20:30:00', NULL),
	(42, 1, 1, 87, 21, 97, 0, 87, 0, 19, 9, 7, '2018-01-01 21:00:00', NULL),
	(43, 1, 1, 169, 15, 89, 0, 169, 0, 15, 10, 7, '2018-01-01 21:30:00', NULL),
	(44, 1, 1, 93, 15, 88, 0, 93, 0, 18, 10, 16, '2018-01-01 22:00:00', NULL),
	(45, 1, 1, 96, 16, 91, 0, 96, 0, 18, 5, 10, '2018-01-01 22:30:00', NULL),
	(46, 1, 1, 146, 18, 98, 0, 146, 0, 19, 6, 16, '2018-01-01 23:00:00', NULL),
	(47, 1, 1, 101, 21, 102, 0, 101, 0, 15, 11, 12, '2018-01-01 23:30:00', NULL),
	(48, 1, 1, 98, 15, 94, 0, 98, 0, 17, 9, 9, '2018-01-02 00:00:00', NULL),
	(49, 1, 1, 135, 19, 64, 0, 135, 0, 20, 9, 14, '2018-01-02 00:30:00', NULL),
	(50, 1, 1, 155, 14, 97, 0, 155, 0, 16, 2, 15, '2018-01-02 01:00:00', NULL),
	(51, 1, 1, 142, 18, 72, 0, 142, 0, 14, 7, 17, '2018-01-02 01:30:00', NULL),
	(52, 1, 1, 117, 19, 82, 0, 117, 0, 19, 11, 10, '2018-01-02 02:00:00', NULL),
	(53, 1, 1, 127, 14, 33, 0, 127, 0, 18, 2, 16, '2018-01-02 02:30:00', NULL),
	(54, 1, 1, 154, 21, 21, 0, 154, 0, 20, 4, 8, '2018-01-02 03:00:00', NULL),
	(55, 1, 1, 168, 17, 42, 0, 168, 0, 16, 11, 11, '2018-01-02 03:30:00', NULL),
	(56, 1, 1, 163, 16, 103, 0, 163, 0, 21, 10, 8, '2018-01-02 04:00:00', NULL),
	(57, 1, 1, 89, 21, 91, 0, 89, 0, 15, 5, 10, '2018-01-02 04:30:00', NULL),
	(58, 1, 1, 147, 19, 77, 0, 147, 0, 17, 5, 17, '2018-01-02 05:00:00', NULL),
	(59, 1, 1, 91, 17, 34, 0, 91, 0, 21, 9, 15, '2018-01-02 05:30:00', NULL),
	(60, 1, 1, 87, 16, 23, 0, 87, 0, 15, 7, 13, '2018-01-02 06:00:00', NULL),
	(61, 1, 1, 155, 17, 48, 0, 155, 0, 19, 5, 14, '2018-01-02 06:30:00', NULL),
	(62, 1, 1, 136, 17, 28, 0, 136, 0, 16, 4, 7, '2018-01-02 07:00:00', NULL),
	(63, 1, 1, 134, 17, 80, 0, 134, 0, 16, 8, 14, '2018-01-02 07:30:00', NULL),
	(64, 1, 1, 120, 16, 100, 0, 120, 0, 16, 5, 7, '2018-01-02 08:00:00', NULL),
	(65, 1, 1, 163, 18, 79, 0, 163, 0, 14, 6, 8, '2018-01-02 08:30:00', NULL),
	(66, 1, 1, 77, 17, 27, 0, 77, 0, 14, 4, 9, '2018-01-02 09:00:00', NULL),
	(67, 1, 1, 155, 15, 71, 0, 155, 0, 17, 5, 15, '2018-01-02 09:30:00', NULL),
	(68, 1, 1, 142, 16, 56, 0, 142, 0, 18, 6, 17, '2018-01-02 10:00:00', NULL),
	(69, 1, 1, 126, 20, 84, 0, 126, 0, 20, 5, 16, '2018-01-02 10:30:00', NULL),
	(70, 1, 1, 143, 19, 49, 0, 143, 0, 19, 10, 7, '2018-01-02 11:00:00', NULL),
	(71, 1, 1, 123, 18, 80, 0, 123, 0, 14, 10, 12, '2018-01-02 11:30:00', NULL),
	(72, 1, 1, 107, 20, 41, 0, 107, 0, 19, 8, 7, '2018-01-02 12:00:00', NULL),
	(73, 1, 1, 125, 18, 75, 0, 125, 0, 15, 4, 11, '2018-01-02 12:30:00', NULL),
	(74, 1, 1, 128, 14, 22, 0, 128, 0, 19, 11, 10, '2018-01-02 13:00:00', NULL),
	(75, 1, 1, 133, 16, 103, 0, 133, 0, 16, 3, 12, '2018-01-02 13:30:00', NULL),
	(76, 1, 1, 153, 19, 37, 0, 153, 0, 20, 10, 17, '2018-01-02 14:00:00', NULL),
	(77, 1, 1, 141, 16, 110, 0, 141, 0, 15, 6, 17, '2018-01-02 14:30:00', NULL),
	(78, 1, 1, 114, 17, 67, 0, 114, 0, 16, 5, 9, '2018-01-02 15:00:00', NULL),
	(79, 1, 1, 148, 18, 48, 0, 148, 0, 19, 7, 17, '2018-01-02 15:30:00', NULL),
	(80, 1, 1, 115, 15, 25, 0, 115, 0, 15, 2, 8, '2018-01-02 16:00:00', NULL),
	(81, 1, 1, 120, 16, 71, 0, 120, 0, 19, 2, 17, '2018-01-02 16:30:00', NULL),
	(82, 1, 1, 122, 19, 57, 0, 122, 0, 16, 7, 10, '2018-01-02 17:00:00', NULL),
	(83, 1, 1, 101, 18, 54, 0, 101, 0, 15, 8, 15, '2018-01-02 17:30:00', NULL),
	(84, 1, 1, 133, 21, 66, 0, 133, 0, 21, 8, 15, '2018-01-02 18:00:00', NULL),
	(85, 1, 1, 148, 14, 62, 0, 148, 0, 20, 4, 10, '2018-01-02 18:30:00', NULL),
	(86, 1, 1, 84, 14, 62, 0, 84, 0, 18, 7, 16, '2018-01-02 19:00:00', NULL),
	(87, 1, 1, 140, 19, 22, 0, 140, 0, 20, 11, 12, '2018-01-02 19:30:00', NULL),
	(88, 1, 1, 147, 20, 110, 0, 147, 0, 17, 10, 17, '2018-01-02 20:00:00', NULL),
	(89, 1, 1, 82, 16, 55, 0, 82, 0, 20, 8, 11, '2018-01-02 20:30:00', NULL),
	(90, 1, 1, 97, 18, 110, 0, 97, 0, 17, 4, 16, '2018-01-02 21:00:00', NULL),
	(91, 1, 1, 157, 16, 109, 0, 157, 0, 17, 3, 7, '2018-01-02 21:30:00', NULL),
	(92, 1, 1, 75, 17, 81, 0, 75, 0, 19, 4, 14, '2018-01-02 22:00:00', NULL),
	(93, 1, 1, 81, 18, 98, 0, 81, 0, 16, 4, 7, '2018-01-02 22:30:00', NULL),
	(94, 1, 1, 124, 17, 100, 0, 124, 0, 17, 8, 14, '2018-01-02 23:00:00', NULL),
	(95, 1, 1, 101, 17, 34, 0, 101, 0, 15, 10, 16, '2018-01-02 23:30:00', NULL),
	(96, 1, 1, 107, 18, 84, 0, 107, 0, 17, 5, 8, '2018-01-03 00:00:00', NULL),
	(97, 1, 1, 126, 14, 81, 0, 126, 0, 19, 5, 9, '2018-01-03 00:30:00', NULL),
	(98, 1, 1, 75, 20, 32, 0, 75, 0, 14, 6, 10, '2018-01-03 01:00:00', NULL),
	(99, 1, 1, 145, 18, 108, 0, 145, 0, 18, 9, 7, '2018-01-03 01:30:00', NULL),
	(100, 1, 1, 121, 16, 79, 0, 121, 0, 18, 5, 16, '2018-01-03 02:00:00', NULL),
	(101, 1, 1, 93, 15, 57, 0, 93, 0, 16, 6, 13, '2018-01-03 02:30:00', NULL),
	(102, 1, 1, 77, 19, 91, 0, 77, 0, 19, 5, 17, '2018-01-03 03:00:00', NULL),
	(103, 1, 1, 159, 15, 38, 0, 159, 0, 17, 4, 14, '2018-01-03 03:30:00', NULL),
	(104, 1, 1, 92, 19, 59, 0, 92, 0, 18, 10, 13, '2018-01-03 04:00:00', NULL),
	(105, 1, 1, 175, 17, 45, 0, 175, 0, 18, 7, 7, '2018-01-03 04:30:00', NULL),
	(106, 1, 1, 147, 17, 69, 0, 147, 0, 15, 5, 15, '2018-01-03 05:00:00', NULL),
	(107, 1, 1, 83, 18, 104, 0, 83, 0, 17, 7, 16, '2018-01-03 05:30:00', NULL),
	(108, 1, 1, 88, 17, 103, 0, 88, 0, 15, 7, 14, '2018-01-03 06:00:00', NULL),
	(109, 1, 1, 163, 14, 84, 0, 163, 0, 19, 9, 12, '2018-01-03 06:30:00', NULL),
	(110, 1, 1, 167, 15, 72, 0, 167, 0, 18, 5, 17, '2018-01-03 07:00:00', NULL),
	(111, 1, 1, 85, 19, 94, 0, 85, 0, 19, 6, 8, '2018-01-03 07:30:00', NULL),
	(112, 1, 1, 171, 16, 65, 0, 171, 0, 21, 2, 14, '2018-01-03 08:00:00', NULL),
	(113, 1, 1, 140, 17, 54, 0, 140, 0, 14, 2, 14, '2018-01-03 08:30:00', NULL),
	(114, 1, 1, 138, 16, 73, 0, 138, 0, 17, 9, 14, '2018-01-03 09:00:00', NULL),
	(115, 1, 1, 93, 17, 67, 0, 93, 0, 20, 11, 16, '2018-01-03 09:30:00', NULL),
	(116, 1, 1, 112, 17, 54, 0, 112, 0, 15, 11, 9, '2018-01-03 10:00:00', NULL),
	(117, 1, 1, 149, 16, 73, 0, 149, 0, 14, 6, 17, '2018-01-03 10:30:00', NULL),
	(118, 1, 1, 156, 18, 78, 0, 156, 0, 20, 2, 15, '2018-01-03 11:00:00', NULL),
	(119, 1, 1, 174, 17, 63, 0, 174, 0, 19, 7, 12, '2018-01-03 11:30:00', NULL),
	(120, 1, 1, 158, 21, 44, 0, 158, 0, 17, 2, 13, '2018-01-03 12:00:00', NULL),
	(121, 1, 1, 144, 16, 102, 0, 144, 0, 20, 8, 8, '2018-01-03 12:30:00', NULL),
	(122, 1, 1, 85, 14, 29, 0, 85, 0, 18, 3, 16, '2018-01-03 13:00:00', NULL),
	(123, 1, 1, 161, 15, 61, 0, 161, 0, 20, 5, 13, '2018-01-03 13:30:00', NULL),
	(124, 1, 1, 157, 20, 88, 0, 157, 0, 20, 2, 17, '2018-01-03 14:00:00', NULL),
	(125, 1, 1, 152, 16, 37, 0, 152, 0, 14, 11, 14, '2018-01-03 14:30:00', NULL),
	(126, 1, 1, 117, 19, 63, 0, 117, 0, 17, 6, 7, '2018-01-03 15:00:00', NULL),
	(127, 1, 1, 99, 19, 35, 0, 99, 0, 18, 6, 7, '2018-01-03 15:30:00', NULL),
	(128, 1, 1, 165, 15, 67, 0, 165, 0, 18, 7, 14, '2018-01-03 16:00:00', NULL),
	(129, 1, 1, 98, 15, 93, 0, 98, 0, 18, 4, 13, '2018-01-03 16:30:00', NULL),
	(130, 1, 1, 129, 21, 72, 0, 129, 0, 17, 2, 15, '2018-01-03 17:00:00', NULL),
	(131, 1, 1, 161, 14, 70, 0, 161, 0, 19, 3, 9, '2018-01-03 17:30:00', NULL),
	(132, 1, 1, 87, 19, 90, 0, 87, 0, 17, 7, 12, '2018-01-03 18:00:00', NULL),
	(133, 1, 1, 137, 17, 81, 0, 137, 0, 18, 11, 9, '2018-01-03 18:30:00', NULL),
	(134, 1, 1, 126, 20, 36, 0, 126, 0, 19, 7, 11, '2018-01-03 19:00:00', NULL),
	(135, 1, 1, 145, 14, 41, 0, 145, 0, 16, 2, 8, '2018-01-03 19:30:00', NULL),
	(136, 1, 1, 83, 16, 54, 0, 83, 0, 18, 8, 13, '2018-01-03 20:00:00', NULL),
	(137, 1, 1, 106, 19, 21, 0, 106, 0, 15, 5, 13, '2018-01-03 20:30:00', NULL),
	(138, 1, 1, 162, 16, 66, 0, 162, 0, 19, 11, 7, '2018-01-03 21:00:00', NULL),
	(139, 1, 1, 129, 21, 73, 0, 129, 0, 21, 6, 17, '2018-01-03 21:30:00', NULL),
	(140, 1, 1, 141, 19, 97, 0, 141, 0, 17, 9, 11, '2018-01-03 22:00:00', NULL),
	(141, 1, 1, 148, 14, 107, 0, 148, 0, 21, 6, 16, '2018-01-03 22:30:00', NULL),
	(142, 1, 1, 148, 18, 106, 0, 148, 0, 18, 5, 14, '2018-01-03 23:00:00', NULL),
	(143, 1, 1, 139, 14, 41, 0, 139, 0, 16, 9, 10, '2018-01-03 23:30:00', NULL),
	(144, 1, 1, 163, 19, 102, 0, 163, 0, 19, 2, 13, '2018-01-04 00:00:00', NULL),
	(145, 1, 1, 121, 18, 41, 0, 121, 0, 21, 3, 12, '2018-01-04 00:30:00', NULL),
	(146, 1, 1, 118, 18, 63, 0, 118, 0, 14, 6, 15, '2018-01-04 01:00:00', NULL),
	(147, 1, 1, 91, 17, 49, 0, 91, 0, 21, 5, 11, '2018-01-04 01:30:00', NULL),
	(148, 1, 1, 134, 16, 96, 0, 134, 0, 16, 8, 16, '2018-01-04 02:00:00', NULL),
	(149, 1, 1, 89, 18, 86, 0, 89, 0, 20, 11, 12, '2018-01-04 02:30:00', NULL),
	(150, 1, 1, 79, 20, 38, 0, 79, 0, 15, 7, 15, '2018-01-04 03:00:00', NULL),
	(151, 1, 1, 78, 18, 77, 0, 78, 0, 19, 10, 15, '2018-01-04 03:30:00', NULL),
	(152, 1, 1, 98, 14, 106, 0, 98, 0, 17, 2, 13, '2018-01-04 04:00:00', NULL),
	(153, 1, 1, 97, 18, 85, 0, 97, 0, 16, 8, 14, '2018-01-04 04:30:00', NULL),
	(154, 1, 1, 121, 15, 55, 0, 121, 0, 17, 5, 10, '2018-01-04 05:00:00', NULL),
	(155, 1, 1, 101, 16, 49, 0, 101, 0, 15, 11, 15, '2018-01-04 05:30:00', NULL),
	(156, 1, 1, 170, 14, 53, 0, 170, 0, 20, 4, 10, '2018-01-04 06:00:00', NULL),
	(157, 1, 1, 172, 19, 75, 0, 172, 0, 17, 4, 7, '2018-01-04 06:30:00', NULL),
	(158, 1, 1, 91, 20, 45, 0, 91, 0, 15, 5, 12, '2018-01-04 07:00:00', NULL),
	(159, 1, 1, 141, 17, 105, 0, 141, 0, 14, 6, 17, '2018-01-04 07:30:00', NULL),
	(160, 1, 1, 124, 20, 102, 0, 124, 0, 17, 5, 15, '2018-01-04 08:00:00', NULL),
	(161, 1, 1, 115, 21, 92, 0, 115, 0, 16, 4, 16, '2018-01-04 08:30:00', NULL),
	(162, 1, 1, 150, 16, 87, 0, 150, 0, 18, 2, 8, '2018-01-04 09:00:00', NULL),
	(163, 1, 1, 95, 20, 99, 0, 95, 0, 21, 6, 15, '2018-01-04 09:30:00', NULL),
	(164, 1, 1, 143, 17, 38, 0, 143, 0, 14, 3, 8, '2018-01-04 10:00:00', NULL),
	(165, 1, 1, 117, 18, 36, 0, 117, 0, 18, 8, 10, '2018-01-04 10:30:00', NULL),
	(166, 1, 1, 132, 20, 64, 0, 132, 0, 15, 6, 7, '2018-01-04 11:00:00', NULL),
	(167, 1, 1, 134, 17, 82, 0, 134, 0, 16, 6, 14, '2018-01-04 11:30:00', NULL),
	(168, 1, 1, 134, 18, 67, 0, 134, 0, 15, 5, 8, '2018-01-04 12:00:00', NULL),
	(169, 1, 1, 158, 15, 88, 0, 158, 0, 15, 2, 14, '2018-01-04 12:30:00', NULL),
	(170, 1, 1, 112, 21, 29, 0, 112, 0, 15, 9, 15, '2018-01-04 13:00:00', NULL),
	(171, 1, 1, 143, 16, 94, 0, 143, 0, 20, 3, 17, '2018-01-04 13:30:00', NULL),
	(172, 1, 1, 119, 21, 94, 0, 119, 0, 18, 6, 11, '2018-01-04 14:00:00', NULL),
	(173, 1, 1, 98, 16, 55, 0, 98, 0, 17, 8, 16, '2018-01-04 14:30:00', NULL),
	(174, 1, 1, 161, 17, 34, 0, 161, 0, 18, 10, 7, '2018-01-04 15:00:00', NULL),
	(175, 1, 1, 173, 20, 27, 0, 173, 0, 21, 2, 7, '2018-01-04 15:30:00', NULL),
	(176, 1, 1, 139, 19, 56, 0, 139, 0, 15, 11, 17, '2018-01-04 16:00:00', NULL),
	(177, 1, 1, 152, 20, 68, 0, 152, 0, 16, 8, 7, '2018-01-04 16:30:00', NULL),
	(178, 1, 1, 135, 16, 85, 0, 135, 0, 19, 8, 14, '2018-01-04 17:00:00', NULL),
	(179, 1, 1, 168, 19, 76, 0, 168, 0, 17, 6, 13, '2018-01-04 17:30:00', NULL),
	(180, 1, 1, 87, 16, 105, 0, 87, 0, 14, 11, 15, '2018-01-04 18:00:00', NULL),
	(181, 1, 1, 118, 18, 36, 0, 118, 0, 17, 10, 15, '2018-01-04 18:30:00', NULL),
	(182, 1, 1, 138, 14, 51, 0, 138, 0, 14, 11, 11, '2018-01-04 19:00:00', NULL),
	(183, 1, 1, 137, 20, 37, 0, 137, 0, 16, 7, 11, '2018-01-04 19:30:00', NULL),
	(184, 1, 1, 111, 15, 29, 0, 111, 0, 19, 7, 7, '2018-01-04 20:00:00', NULL),
	(185, 1, 1, 169, 16, 109, 0, 169, 0, 14, 11, 7, '2018-01-04 20:30:00', NULL),
	(186, 1, 1, 75, 20, 52, 0, 75, 0, 19, 3, 10, '2018-01-04 21:00:00', NULL),
	(187, 1, 1, 164, 17, 27, 0, 164, 0, 20, 2, 10, '2018-01-04 21:30:00', NULL),
	(188, 1, 1, 140, 20, 68, 0, 140, 0, 15, 5, 17, '2018-01-04 22:00:00', NULL),
	(189, 1, 1, 92, 14, 52, 0, 92, 0, 21, 11, 11, '2018-01-04 22:30:00', NULL),
	(190, 1, 1, 173, 19, 97, 0, 173, 0, 20, 4, 9, '2018-01-04 23:00:00', NULL),
	(191, 1, 1, 175, 18, 91, 0, 175, 0, 18, 2, 11, '2018-01-04 23:30:00', NULL),
	(192, 1, 1, 140, 21, 83, 0, 140, 0, 14, 5, 8, '2018-01-05 00:00:00', NULL),
	(193, 1, 1, 163, 16, 81, 0, 163, 0, 18, 3, 8, '2018-01-05 00:30:00', NULL),
	(194, 1, 1, 122, 14, 68, 0, 122, 0, 20, 10, 11, '2018-01-05 01:00:00', NULL),
	(195, 1, 1, 113, 14, 51, 0, 113, 0, 16, 5, 8, '2018-01-05 01:30:00', NULL),
	(196, 1, 1, 87, 19, 109, 0, 87, 0, 21, 9, 16, '2018-01-05 02:00:00', NULL),
	(197, 1, 1, 142, 15, 26, 0, 142, 0, 16, 4, 7, '2018-01-05 02:30:00', NULL),
	(198, 1, 1, 112, 17, 22, 0, 112, 0, 17, 3, 12, '2018-01-05 03:00:00', NULL),
	(199, 1, 1, 115, 16, 34, 0, 115, 0, 20, 5, 7, '2018-01-05 03:30:00', NULL),
	(200, 1, 1, 77, 20, 75, 0, 77, 0, 18, 10, 11, '2018-01-05 04:00:00', NULL),
	(201, 1, 1, 144, 20, 45, 0, 144, 0, 15, 4, 16, '2018-01-05 04:30:00', NULL),
	(202, 1, 1, 76, 14, 25, 0, 76, 0, 14, 7, 7, '2018-01-05 05:00:00', NULL),
	(203, 1, 1, 142, 21, 53, 0, 142, 0, 17, 3, 11, '2018-01-05 05:30:00', NULL),
	(204, 1, 1, 131, 18, 77, 0, 131, 0, 21, 10, 9, '2018-01-05 06:00:00', NULL),
	(205, 1, 1, 78, 21, 103, 0, 78, 0, 21, 7, 8, '2018-01-05 06:30:00', NULL),
	(206, 1, 1, 143, 15, 71, 0, 143, 0, 17, 4, 7, '2018-01-05 07:00:00', NULL),
	(207, 1, 1, 111, 19, 88, 0, 111, 0, 20, 10, 16, '2018-01-05 07:30:00', NULL),
	(208, 1, 1, 151, 16, 105, 0, 151, 0, 20, 5, 17, '2018-01-05 08:00:00', NULL),
	(209, 1, 1, 149, 19, 54, 0, 149, 0, 17, 5, 17, '2018-01-05 08:30:00', NULL),
	(210, 1, 1, 162, 17, 24, 0, 162, 0, 19, 5, 10, '2018-01-05 09:00:00', NULL),
	(211, 1, 1, 114, 17, 69, 0, 114, 0, 17, 4, 8, '2018-01-05 09:30:00', NULL),
	(212, 1, 1, 100, 21, 36, 0, 100, 0, 21, 5, 14, '2018-01-05 10:00:00', NULL),
	(213, 1, 1, 81, 21, 85, 0, 81, 0, 21, 10, 8, '2018-01-05 10:30:00', NULL),
	(214, 1, 1, 158, 16, 91, 0, 158, 0, 16, 3, 7, '2018-01-05 11:00:00', NULL),
	(215, 1, 1, 159, 16, 23, 0, 159, 0, 17, 8, 9, '2018-01-05 11:30:00', NULL),
	(216, 1, 1, 172, 17, 107, 0, 172, 0, 19, 11, 7, '2018-01-05 12:00:00', NULL),
	(217, 1, 1, 98, 17, 66, 0, 98, 0, 16, 5, 11, '2018-01-05 12:30:00', NULL),
	(218, 1, 1, 86, 16, 74, 0, 86, 0, 15, 8, 17, '2018-01-05 13:00:00', NULL),
	(219, 1, 1, 118, 17, 23, 0, 118, 0, 15, 5, 12, '2018-01-05 13:30:00', NULL),
	(220, 1, 1, 107, 16, 84, 0, 107, 0, 16, 6, 17, '2018-01-05 14:00:00', NULL),
	(221, 1, 1, 99, 20, 108, 0, 99, 0, 15, 6, 16, '2018-01-05 14:30:00', NULL),
	(222, 1, 1, 100, 17, 70, 0, 100, 0, 14, 9, 17, '2018-01-05 15:00:00', NULL),
	(223, 1, 1, 125, 18, 97, 0, 125, 0, 21, 3, 14, '2018-01-05 15:30:00', NULL),
	(224, 1, 1, 129, 17, 44, 0, 129, 0, 18, 5, 12, '2018-01-05 16:00:00', NULL),
	(225, 1, 1, 159, 14, 57, 0, 159, 0, 16, 3, 14, '2018-01-05 16:30:00', NULL),
	(226, 1, 1, 174, 18, 86, 0, 174, 0, 20, 3, 15, '2018-01-05 17:00:00', NULL),
	(227, 1, 1, 83, 15, 30, 0, 83, 0, 18, 10, 14, '2018-01-05 17:30:00', NULL),
	(228, 1, 1, 117, 19, 30, 0, 117, 0, 18, 8, 13, '2018-01-05 18:00:00', NULL),
	(229, 1, 1, 134, 21, 68, 0, 134, 0, 20, 6, 13, '2018-01-05 18:30:00', NULL),
	(230, 1, 1, 157, 15, 98, 0, 157, 0, 14, 9, 8, '2018-01-05 19:00:00', NULL),
	(231, 1, 1, 164, 14, 47, 0, 164, 0, 19, 2, 16, '2018-01-05 19:30:00', NULL),
	(232, 1, 1, 122, 17, 92, 0, 122, 0, 19, 7, 7, '2018-01-05 20:00:00', NULL),
	(233, 1, 1, 114, 16, 38, 0, 114, 0, 17, 2, 11, '2018-01-05 20:30:00', NULL),
	(234, 1, 1, 85, 21, 28, 0, 85, 0, 17, 5, 17, '2018-01-05 21:00:00', NULL),
	(235, 1, 1, 99, 18, 68, 0, 99, 0, 15, 11, 15, '2018-01-05 21:30:00', NULL),
	(236, 1, 1, 116, 20, 59, 0, 116, 0, 19, 8, 8, '2018-01-05 22:00:00', NULL),
	(237, 1, 1, 150, 18, 53, 0, 150, 0, 16, 6, 10, '2018-01-05 22:30:00', NULL),
	(238, 1, 1, 85, 16, 51, 0, 85, 0, 19, 2, 15, '2018-01-05 23:00:00', NULL),
	(239, 1, 1, 98, 21, 49, 0, 98, 0, 17, 6, 16, '2018-01-05 23:30:00', NULL),
	(240, 1, 1, 88, 16, 47, 0, 88, 0, 20, 10, 12, '2018-01-06 00:00:00', NULL),
	(241, 1, 1, 83, 20, 63, 0, 83, 0, 17, 3, 9, '2018-01-06 00:30:00', NULL),
	(242, 1, 1, 136, 20, 53, 0, 136, 0, 17, 6, 9, '2018-01-06 01:00:00', NULL),
	(243, 1, 1, 104, 19, 106, 0, 104, 0, 15, 6, 14, '2018-01-06 01:30:00', NULL),
	(244, 1, 1, 113, 20, 48, 0, 113, 0, 14, 10, 17, '2018-01-06 02:00:00', NULL),
	(245, 1, 1, 133, 20, 45, 0, 133, 0, 15, 11, 10, '2018-01-06 02:30:00', NULL),
	(246, 1, 1, 147, 21, 77, 0, 147, 0, 17, 7, 16, '2018-01-06 03:00:00', NULL),
	(247, 1, 1, 175, 16, 71, 0, 175, 0, 16, 9, 11, '2018-01-06 03:30:00', NULL),
	(248, 1, 1, 107, 16, 47, 0, 107, 0, 20, 9, 12, '2018-01-06 04:00:00', NULL),
	(249, 1, 1, 173, 18, 47, 0, 173, 0, 14, 5, 8, '2018-01-06 04:30:00', NULL),
	(250, 1, 1, 169, 21, 60, 0, 169, 0, 20, 5, 12, '2018-01-06 05:00:00', NULL),
	(251, 1, 1, 157, 14, 33, 0, 157, 0, 14, 7, 7, '2018-01-06 05:30:00', NULL),
	(252, 1, 1, 127, 20, 41, 0, 127, 0, 21, 7, 11, '2018-01-06 06:00:00', NULL),
	(253, 1, 1, 135, 14, 73, 0, 135, 0, 18, 2, 17, '2018-01-06 06:30:00', NULL),
	(254, 1, 1, 129, 15, 98, 0, 129, 0, 16, 10, 9, '2018-01-06 07:00:00', NULL),
	(255, 1, 1, 167, 14, 71, 0, 167, 0, 18, 5, 16, '2018-01-06 07:30:00', NULL),
	(256, 1, 1, 110, 14, 88, 0, 110, 0, 20, 3, 14, '2018-01-06 08:00:00', NULL),
	(257, 1, 1, 157, 21, 42, 0, 157, 0, 17, 2, 15, '2018-01-06 08:30:00', NULL),
	(258, 1, 1, 141, 16, 89, 0, 141, 0, 19, 2, 14, '2018-01-06 09:00:00', NULL),
	(259, 1, 1, 104, 18, 82, 0, 104, 0, 19, 8, 13, '2018-01-06 09:30:00', NULL),
	(260, 1, 1, 126, 21, 108, 0, 126, 0, 17, 5, 12, '2018-01-06 10:00:00', NULL),
	(261, 1, 1, 153, 14, 48, 0, 153, 0, 16, 10, 8, '2018-01-06 10:30:00', NULL),
	(262, 1, 1, 135, 20, 32, 0, 135, 0, 17, 3, 10, '2018-01-06 11:00:00', NULL),
	(263, 1, 1, 131, 19, 39, 0, 131, 0, 14, 2, 14, '2018-01-06 11:30:00', NULL),
	(264, 1, 1, 134, 14, 108, 0, 134, 0, 19, 5, 10, '2018-01-06 12:00:00', NULL),
	(265, 1, 1, 173, 14, 105, 0, 173, 0, 15, 4, 17, '2018-01-06 12:30:00', NULL),
	(266, 1, 1, 127, 16, 26, 0, 127, 0, 16, 11, 15, '2018-01-06 13:00:00', NULL),
	(267, 1, 1, 165, 20, 61, 0, 165, 0, 19, 3, 15, '2018-01-06 13:30:00', NULL),
	(268, 1, 1, 144, 20, 42, 0, 144, 0, 20, 7, 16, '2018-01-06 14:00:00', NULL),
	(269, 1, 1, 106, 17, 66, 0, 106, 0, 21, 9, 16, '2018-01-06 14:30:00', NULL),
	(270, 1, 1, 131, 17, 34, 0, 131, 0, 21, 11, 12, '2018-01-06 15:00:00', NULL),
	(271, 1, 1, 150, 20, 25, 0, 150, 0, 17, 6, 17, '2018-01-06 15:30:00', NULL),
	(272, 1, 1, 125, 20, 61, 0, 125, 0, 15, 4, 11, '2018-01-06 16:00:00', NULL),
	(273, 1, 1, 106, 16, 106, 0, 106, 0, 17, 3, 13, '2018-01-06 16:30:00', NULL),
	(274, 1, 1, 80, 17, 26, 0, 80, 0, 14, 9, 10, '2018-01-06 17:00:00', NULL),
	(275, 1, 1, 75, 19, 73, 0, 75, 0, 19, 7, 12, '2018-01-06 17:30:00', NULL),
	(276, 1, 1, 91, 15, 63, 0, 91, 0, 19, 3, 15, '2018-01-06 18:00:00', NULL),
	(277, 1, 1, 126, 17, 106, 0, 126, 0, 18, 11, 15, '2018-01-06 18:30:00', NULL),
	(278, 1, 1, 171, 16, 22, 0, 171, 0, 16, 2, 13, '2018-01-06 19:00:00', NULL),
	(279, 1, 1, 140, 14, 91, 0, 140, 0, 19, 8, 8, '2018-01-06 19:30:00', NULL),
	(280, 1, 1, 75, 17, 104, 0, 75, 0, 19, 4, 9, '2018-01-06 20:00:00', NULL),
	(281, 1, 1, 144, 15, 100, 0, 144, 0, 21, 11, 8, '2018-01-06 20:30:00', NULL),
	(282, 1, 1, 119, 21, 107, 0, 119, 0, 15, 8, 12, '2018-01-06 21:00:00', NULL),
	(283, 1, 1, 125, 17, 73, 0, 125, 0, 20, 7, 9, '2018-01-06 21:30:00', NULL),
	(284, 1, 1, 161, 16, 82, 0, 161, 0, 17, 4, 13, '2018-01-06 22:00:00', NULL),
	(285, 1, 1, 149, 21, 81, 0, 149, 0, 21, 2, 13, '2018-01-06 22:30:00', NULL),
	(286, 1, 1, 76, 21, 77, 0, 76, 0, 15, 10, 15, '2018-01-06 23:00:00', NULL),
	(287, 1, 1, 90, 19, 100, 0, 90, 0, 16, 4, 12, '2018-01-06 23:30:00', NULL),
	(288, 1, 1, 111, 17, 22, 0, 111, 0, 16, 11, 17, '2018-01-07 00:00:00', NULL),
	(289, 1, 1, 129, 17, 31, 0, 129, 0, 17, 4, 16, '2018-01-07 00:30:00', NULL),
	(290, 1, 1, 137, 20, 47, 0, 137, 0, 17, 3, 12, '2018-01-07 01:00:00', NULL),
	(291, 1, 1, 149, 21, 43, 0, 149, 0, 20, 3, 16, '2018-01-07 01:30:00', NULL),
	(292, 1, 1, 121, 17, 45, 0, 121, 0, 18, 4, 10, '2018-01-07 02:00:00', NULL),
	(293, 1, 1, 114, 19, 92, 0, 114, 0, 14, 3, 10, '2018-01-07 02:30:00', NULL),
	(294, 1, 1, 131, 15, 78, 0, 131, 0, 14, 7, 9, '2018-01-07 03:00:00', NULL),
	(295, 1, 1, 134, 19, 45, 0, 134, 0, 19, 4, 13, '2018-01-07 03:30:00', NULL),
	(296, 1, 1, 96, 17, 73, 0, 96, 0, 18, 8, 16, '2018-01-07 04:00:00', NULL),
	(297, 1, 1, 142, 19, 27, 0, 142, 0, 17, 6, 11, '2018-01-07 04:30:00', NULL),
	(298, 1, 1, 156, 17, 82, 0, 156, 0, 15, 5, 11, '2018-01-07 05:00:00', NULL),
	(299, 1, 1, 129, 19, 89, 0, 129, 0, 19, 3, 12, '2018-01-07 05:30:00', NULL),
	(300, 1, 1, 81, 18, 72, 0, 81, 0, 20, 10, 9, '2018-01-07 06:00:00', NULL),
	(301, 1, 1, 136, 21, 100, 0, 136, 0, 17, 2, 13, '2018-01-07 06:30:00', NULL),
	(302, 1, 1, 143, 21, 33, 0, 143, 0, 14, 3, 11, '2018-01-07 07:00:00', NULL),
	(303, 1, 1, 143, 20, 48, 0, 143, 0, 21, 6, 14, '2018-01-07 07:30:00', NULL),
	(304, 1, 1, 83, 21, 99, 0, 83, 0, 18, 11, 17, '2018-01-07 08:00:00', NULL),
	(305, 1, 1, 156, 17, 47, 0, 156, 0, 19, 10, 7, '2018-01-07 08:30:00', NULL),
	(306, 1, 1, 116, 14, 92, 0, 116, 0, 21, 5, 12, '2018-01-07 09:00:00', NULL),
	(307, 1, 1, 94, 16, 30, 0, 94, 0, 18, 5, 13, '2018-01-07 09:30:00', NULL),
	(308, 1, 1, 165, 15, 33, 0, 165, 0, 18, 4, 7, '2018-01-07 10:00:00', NULL),
	(309, 1, 1, 119, 21, 42, 0, 119, 0, 20, 3, 16, '2018-01-07 10:30:00', NULL),
	(310, 1, 1, 120, 18, 48, 0, 120, 0, 20, 3, 16, '2018-01-07 11:00:00', NULL),
	(311, 1, 1, 100, 18, 75, 0, 100, 0, 16, 2, 16, '2018-01-07 11:30:00', NULL),
	(312, 1, 1, 156, 21, 76, 0, 156, 0, 20, 7, 14, '2018-01-07 12:00:00', NULL),
	(313, 1, 1, 153, 21, 108, 0, 153, 0, 21, 11, 11, '2018-01-07 12:30:00', NULL),
	(314, 1, 1, 91, 19, 44, 0, 91, 0, 15, 10, 12, '2018-01-07 13:00:00', NULL),
	(315, 1, 1, 146, 21, 70, 0, 146, 0, 16, 3, 9, '2018-01-07 13:30:00', NULL),
	(316, 1, 1, 160, 20, 31, 0, 160, 0, 20, 8, 9, '2018-01-07 14:00:00', NULL),
	(317, 1, 1, 76, 20, 92, 0, 76, 0, 18, 10, 10, '2018-01-07 14:30:00', NULL),
	(318, 1, 1, 112, 16, 23, 0, 112, 0, 14, 8, 12, '2018-01-07 15:00:00', NULL),
	(319, 1, 1, 104, 18, 69, 0, 104, 0, 21, 5, 7, '2018-01-07 15:30:00', NULL),
	(320, 1, 1, 163, 16, 40, 0, 163, 0, 17, 2, 11, '2018-01-07 16:00:00', NULL),
	(321, 1, 1, 93, 18, 108, 0, 93, 0, 14, 7, 11, '2018-01-07 16:30:00', NULL),
	(322, 1, 1, 117, 18, 38, 0, 117, 0, 16, 5, 12, '2018-01-07 17:00:00', NULL),
	(323, 1, 1, 167, 18, 97, 0, 167, 0, 15, 8, 14, '2018-01-07 17:30:00', NULL),
	(324, 1, 1, 116, 14, 101, 0, 116, 0, 20, 2, 10, '2018-01-07 18:00:00', NULL),
	(325, 1, 1, 106, 16, 108, 0, 106, 0, 14, 4, 7, '2018-01-07 18:30:00', NULL),
	(326, 1, 1, 103, 20, 33, 0, 103, 0, 14, 10, 16, '2018-01-07 19:00:00', NULL),
	(327, 1, 1, 83, 15, 96, 0, 83, 0, 16, 10, 14, '2018-01-07 19:30:00', NULL),
	(328, 1, 1, 83, 16, 55, 0, 83, 0, 20, 6, 9, '2018-01-07 20:00:00', NULL),
	(329, 1, 1, 146, 18, 27, 0, 146, 0, 14, 5, 12, '2018-01-07 20:30:00', NULL),
	(330, 1, 1, 119, 15, 22, 0, 119, 0, 14, 5, 17, '2018-01-07 21:00:00', NULL),
	(331, 1, 1, 81, 17, 31, 0, 81, 0, 21, 8, 9, '2018-01-07 21:30:00', NULL),
	(332, 1, 1, 92, 16, 51, 0, 92, 0, 21, 6, 12, '2018-01-07 22:00:00', NULL),
	(333, 1, 1, 135, 16, 85, 0, 135, 0, 14, 9, 16, '2018-01-07 22:30:00', NULL),
	(334, 1, 1, 100, 15, 34, 0, 100, 0, 19, 6, 10, '2018-01-07 23:00:00', NULL),
	(335, 1, 1, 161, 21, 21, 0, 161, 0, 16, 6, 9, '2018-01-07 23:30:00', NULL),
	(336, 1, 1, 78, 20, 34, 0, 78, 0, 16, 8, 13, '2018-01-08 00:00:00', NULL),
	(337, 1, 1, 159, 14, 52, 0, 159, 0, 14, 6, 16, '2018-01-08 00:30:00', NULL),
	(338, 1, 1, 145, 14, 68, 0, 145, 0, 20, 4, 16, '2018-01-08 01:00:00', NULL),
	(339, 1, 1, 156, 20, 65, 0, 156, 0, 19, 6, 14, '2018-01-08 01:30:00', NULL),
	(340, 1, 1, 134, 17, 21, 0, 134, 0, 17, 3, 13, '2018-01-08 02:00:00', NULL),
	(341, 1, 1, 132, 14, 93, 0, 132, 0, 21, 11, 10, '2018-01-08 02:30:00', NULL),
	(342, 1, 1, 76, 18, 61, 0, 76, 0, 17, 5, 14, '2018-01-08 03:00:00', NULL),
	(343, 1, 1, 95, 18, 99, 0, 95, 0, 20, 3, 13, '2018-01-08 03:30:00', NULL),
	(344, 1, 1, 174, 17, 89, 0, 174, 0, 15, 2, 14, '2018-01-08 04:00:00', NULL),
	(345, 1, 1, 81, 17, 82, 0, 81, 0, 20, 3, 8, '2018-01-08 04:30:00', NULL),
	(346, 1, 1, 143, 14, 74, 0, 143, 0, 17, 9, 7, '2018-01-08 05:00:00', NULL),
	(347, 1, 1, 122, 17, 39, 0, 122, 0, 16, 10, 15, '2018-01-08 05:30:00', NULL),
	(348, 1, 1, 141, 16, 62, 0, 141, 0, 19, 2, 15, '2018-01-08 06:00:00', NULL),
	(349, 1, 1, 148, 18, 48, 0, 148, 0, 18, 6, 16, '2018-01-08 06:30:00', NULL),
	(350, 1, 1, 106, 16, 76, 0, 106, 0, 18, 2, 9, '2018-01-08 07:00:00', NULL),
	(351, 1, 1, 153, 16, 33, 0, 153, 0, 16, 2, 13, '2018-01-08 07:30:00', NULL),
	(352, 1, 1, 116, 19, 62, 0, 116, 0, 14, 5, 15, '2018-01-08 08:00:00', NULL),
	(353, 1, 1, 94, 14, 33, 0, 94, 0, 14, 2, 11, '2018-01-08 08:30:00', NULL),
	(354, 1, 1, 125, 14, 80, 0, 125, 0, 21, 10, 11, '2018-01-08 09:00:00', NULL),
	(355, 1, 1, 101, 15, 105, 0, 101, 0, 15, 11, 14, '2018-01-08 09:30:00', NULL),
	(356, 1, 1, 95, 14, 28, 0, 95, 0, 21, 9, 9, '2018-01-08 10:00:00', NULL),
	(357, 1, 1, 154, 15, 31, 0, 154, 0, 17, 9, 13, '2018-01-08 10:30:00', NULL),
	(358, 1, 1, 153, 16, 91, 0, 153, 0, 17, 2, 17, '2018-01-08 11:00:00', NULL),
	(359, 1, 1, 167, 19, 29, 0, 167, 0, 20, 4, 17, '2018-01-08 11:30:00', NULL),
	(360, 1, 1, 147, 17, 40, 0, 147, 0, 19, 2, 11, '2018-01-08 12:00:00', NULL),
	(361, 1, 1, 152, 16, 50, 0, 152, 0, 18, 6, 7, '2018-01-08 12:30:00', NULL),
	(362, 1, 1, 85, 20, 88, 0, 85, 0, 20, 9, 14, '2018-01-08 13:00:00', NULL),
	(363, 1, 1, 164, 17, 86, 0, 164, 0, 18, 8, 16, '2018-01-08 13:30:00', NULL),
	(364, 1, 1, 145, 21, 80, 0, 145, 0, 21, 11, 11, '2018-01-08 14:00:00', NULL),
	(365, 1, 1, 156, 16, 38, 0, 156, 0, 21, 6, 8, '2018-01-08 14:30:00', NULL),
	(366, 1, 1, 83, 19, 50, 0, 83, 0, 21, 2, 9, '2018-01-08 15:00:00', NULL),
	(367, 1, 1, 154, 17, 47, 0, 154, 0, 19, 8, 11, '2018-01-08 15:30:00', NULL),
	(368, 1, 1, 107, 17, 58, 0, 107, 0, 20, 7, 11, '2018-01-08 16:00:00', NULL),
	(369, 1, 1, 159, 20, 39, 0, 159, 0, 18, 4, 12, '2018-01-08 16:30:00', NULL),
	(370, 1, 1, 96, 21, 25, 0, 96, 0, 14, 9, 8, '2018-01-08 17:00:00', NULL),
	(371, 1, 1, 94, 16, 81, 0, 94, 0, 16, 10, 13, '2018-01-08 17:30:00', NULL),
	(372, 1, 1, 169, 17, 32, 0, 169, 0, 17, 9, 13, '2018-01-08 18:00:00', NULL),
	(373, 1, 1, 93, 16, 95, 0, 93, 0, 20, 9, 16, '2018-01-08 18:30:00', NULL),
	(374, 1, 1, 144, 17, 108, 0, 144, 0, 15, 10, 16, '2018-01-08 19:00:00', NULL),
	(375, 1, 1, 87, 19, 43, 0, 87, 0, 20, 9, 14, '2018-01-08 19:30:00', NULL),
	(376, 1, 1, 156, 18, 110, 0, 156, 0, 17, 3, 11, '2018-01-08 20:00:00', NULL),
	(377, 1, 1, 105, 17, 91, 0, 105, 0, 16, 6, 8, '2018-01-08 20:30:00', NULL),
	(378, 1, 1, 105, 14, 68, 0, 105, 0, 19, 3, 16, '2018-01-08 21:00:00', NULL),
	(379, 1, 1, 77, 16, 79, 0, 77, 0, 19, 4, 8, '2018-01-08 21:30:00', NULL),
	(380, 1, 1, 122, 14, 61, 0, 122, 0, 16, 3, 12, '2018-01-08 22:00:00', NULL),
	(381, 1, 1, 136, 18, 99, 0, 136, 0, 20, 8, 12, '2018-01-08 22:30:00', NULL),
	(382, 1, 1, 108, 16, 105, 0, 108, 0, 15, 4, 7, '2018-01-08 23:00:00', NULL),
	(383, 1, 1, 140, 18, 58, 0, 140, 0, 19, 9, 7, '2018-01-08 23:30:00', NULL),
	(384, 1, 1, 171, 17, 45, 0, 171, 0, 21, 3, 10, '2018-01-09 00:00:00', NULL),
	(385, 1, 1, 103, 18, 92, 0, 103, 0, 14, 2, 7, '2018-01-09 00:30:00', NULL),
	(386, 1, 1, 151, 17, 63, 0, 151, 0, 16, 10, 16, '2018-01-09 01:00:00', NULL),
	(387, 1, 1, 169, 19, 82, 0, 169, 0, 16, 11, 16, '2018-01-09 01:30:00', NULL),
	(388, 1, 1, 102, 14, 80, 0, 102, 0, 16, 4, 8, '2018-01-09 02:00:00', NULL),
	(389, 1, 1, 169, 16, 78, 0, 169, 0, 14, 7, 13, '2018-01-09 02:30:00', NULL),
	(390, 1, 1, 81, 19, 102, 0, 81, 0, 17, 7, 10, '2018-01-09 03:00:00', NULL),
	(391, 1, 1, 147, 18, 100, 0, 147, 0, 20, 4, 17, '2018-01-09 03:30:00', NULL),
	(392, 1, 1, 87, 17, 77, 0, 87, 0, 14, 2, 11, '2018-01-09 04:00:00', NULL),
	(393, 1, 1, 79, 16, 101, 0, 79, 0, 17, 8, 11, '2018-01-09 04:30:00', NULL),
	(394, 1, 1, 120, 15, 33, 0, 120, 0, 14, 2, 12, '2018-01-09 05:00:00', NULL),
	(395, 1, 1, 167, 20, 99, 0, 167, 0, 18, 10, 7, '2018-01-09 05:30:00', NULL),
	(396, 1, 1, 85, 21, 99, 0, 85, 0, 20, 9, 7, '2018-01-09 06:00:00', NULL),
	(397, 1, 1, 94, 15, 28, 0, 94, 0, 17, 4, 17, '2018-01-09 06:30:00', NULL),
	(398, 1, 1, 151, 18, 68, 0, 151, 0, 21, 5, 9, '2018-01-09 07:00:00', NULL),
	(399, 1, 1, 76, 20, 54, 0, 76, 0, 17, 7, 7, '2018-01-09 07:30:00', NULL),
	(400, 1, 1, 126, 14, 52, 0, 126, 0, 16, 11, 11, '2018-01-09 08:00:00', NULL),
	(401, 1, 1, 149, 18, 32, 0, 149, 0, 19, 4, 9, '2018-01-09 08:30:00', NULL),
	(402, 1, 1, 114, 20, 84, 0, 114, 0, 17, 11, 11, '2018-01-09 09:00:00', NULL),
	(403, 1, 1, 165, 18, 57, 0, 165, 0, 20, 8, 10, '2018-01-09 09:30:00', NULL),
	(404, 1, 1, 89, 16, 37, 0, 89, 0, 14, 7, 17, '2018-01-09 10:00:00', NULL),
	(405, 1, 1, 78, 20, 29, 0, 78, 0, 17, 11, 10, '2018-01-09 10:30:00', NULL),
	(406, 1, 1, 154, 18, 27, 0, 154, 0, 18, 4, 7, '2018-01-09 11:00:00', NULL),
	(407, 1, 1, 77, 21, 67, 0, 77, 0, 17, 6, 10, '2018-01-09 11:30:00', NULL),
	(408, 1, 1, 127, 17, 49, 0, 127, 0, 14, 3, 15, '2018-01-09 12:00:00', NULL),
	(409, 1, 1, 93, 14, 63, 0, 93, 0, 20, 3, 16, '2018-01-09 12:30:00', NULL),
	(410, 1, 1, 162, 14, 53, 0, 162, 0, 17, 6, 10, '2018-01-09 13:00:00', NULL),
	(411, 1, 1, 160, 15, 60, 0, 160, 0, 15, 6, 9, '2018-01-09 13:30:00', NULL),
	(412, 1, 1, 164, 20, 102, 0, 164, 0, 20, 10, 9, '2018-01-09 14:00:00', NULL),
	(413, 1, 1, 121, 17, 38, 0, 121, 0, 21, 4, 17, '2018-01-09 14:30:00', NULL),
	(414, 1, 1, 154, 21, 99, 0, 154, 0, 21, 3, 8, '2018-01-09 15:00:00', NULL),
	(415, 1, 1, 132, 18, 58, 0, 132, 0, 17, 5, 17, '2018-01-09 15:30:00', NULL),
	(416, 1, 1, 89, 18, 55, 0, 89, 0, 16, 5, 14, '2018-01-09 16:00:00', NULL),
	(417, 1, 1, 153, 18, 108, 0, 153, 0, 20, 2, 10, '2018-01-09 16:30:00', NULL),
	(418, 1, 1, 111, 18, 44, 0, 111, 0, 14, 7, 13, '2018-01-09 17:00:00', NULL),
	(419, 1, 1, 107, 16, 81, 0, 107, 0, 14, 9, 13, '2018-01-09 17:30:00', NULL),
	(420, 1, 1, 110, 15, 29, 0, 110, 0, 20, 10, 8, '2018-01-09 18:00:00', NULL),
	(421, 1, 1, 134, 14, 86, 0, 134, 0, 20, 9, 14, '2018-01-09 18:30:00', NULL),
	(422, 1, 1, 106, 21, 42, 0, 106, 0, 21, 3, 17, '2018-01-09 19:00:00', NULL),
	(423, 1, 1, 160, 21, 81, 0, 160, 0, 15, 7, 15, '2018-01-09 19:30:00', NULL),
	(424, 1, 1, 103, 17, 49, 0, 103, 0, 21, 2, 11, '2018-01-09 20:00:00', NULL),
	(425, 1, 1, 174, 15, 31, 0, 174, 0, 20, 8, 7, '2018-01-09 20:30:00', NULL),
	(426, 1, 1, 114, 19, 31, 0, 114, 0, 20, 9, 7, '2018-01-09 21:00:00', NULL),
	(427, 1, 1, 108, 14, 92, 0, 108, 0, 17, 4, 13, '2018-01-09 21:30:00', NULL),
	(428, 1, 1, 75, 20, 93, 0, 75, 0, 20, 4, 10, '2018-01-09 22:00:00', NULL),
	(429, 1, 1, 122, 15, 34, 0, 122, 0, 20, 2, 17, '2018-01-09 22:30:00', NULL),
	(430, 1, 1, 106, 14, 68, 0, 106, 0, 20, 5, 16, '2018-01-09 23:00:00', NULL),
	(431, 1, 1, 123, 16, 33, 0, 123, 0, 19, 11, 10, '2018-01-09 23:30:00', NULL),
	(432, 1, 1, 141, 21, 87, 0, 141, 0, 17, 10, 9, '2018-01-10 00:00:00', NULL),
	(433, 1, 1, 167, 18, 71, 0, 167, 0, 15, 9, 8, '2018-01-10 00:30:00', NULL),
	(434, 1, 1, 158, 18, 80, 0, 158, 0, 18, 9, 13, '2018-01-10 01:00:00', NULL),
	(435, 1, 1, 100, 16, 92, 0, 100, 0, 16, 9, 7, '2018-01-10 01:30:00', NULL),
	(436, 1, 1, 117, 21, 74, 0, 117, 0, 19, 6, 11, '2018-01-10 02:00:00', NULL),
	(437, 1, 1, 85, 20, 81, 0, 85, 0, 18, 8, 8, '2018-01-10 02:30:00', NULL),
	(438, 1, 1, 125, 14, 101, 0, 125, 0, 16, 11, 13, '2018-01-10 03:00:00', NULL),
	(439, 1, 1, 78, 19, 35, 0, 78, 0, 21, 5, 14, '2018-01-10 03:30:00', NULL),
	(440, 1, 1, 107, 16, 22, 0, 107, 0, 19, 7, 10, '2018-01-10 04:00:00', NULL),
	(441, 1, 1, 112, 15, 81, 0, 112, 0, 18, 2, 11, '2018-01-10 04:30:00', NULL),
	(442, 1, 1, 117, 17, 46, 0, 117, 0, 18, 11, 14, '2018-01-10 05:00:00', NULL),
	(443, 1, 1, 80, 19, 29, 0, 80, 0, 19, 8, 12, '2018-01-10 05:30:00', NULL),
	(444, 1, 1, 156, 17, 53, 0, 156, 0, 17, 7, 12, '2018-01-10 06:00:00', NULL),
	(445, 1, 1, 174, 19, 86, 0, 174, 0, 14, 11, 11, '2018-01-10 06:30:00', NULL),
	(446, 1, 1, 101, 21, 58, 0, 101, 0, 17, 9, 16, '2018-01-10 07:00:00', NULL),
	(447, 1, 1, 95, 18, 107, 0, 95, 0, 14, 2, 13, '2018-01-10 07:30:00', NULL),
	(448, 1, 1, 136, 21, 37, 0, 136, 0, 19, 8, 13, '2018-01-10 08:00:00', NULL),
	(449, 1, 1, 96, 19, 60, 0, 96, 0, 18, 11, 14, '2018-01-10 08:30:00', NULL),
	(450, 1, 1, 91, 20, 81, 0, 91, 0, 16, 4, 9, '2018-01-10 09:00:00', NULL),
	(451, 1, 1, 91, 18, 56, 0, 91, 0, 21, 2, 13, '2018-01-10 09:30:00', NULL),
	(452, 1, 1, 150, 17, 38, 0, 150, 0, 18, 10, 9, '2018-01-10 10:00:00', NULL),
	(453, 1, 1, 112, 20, 109, 0, 112, 0, 16, 9, 15, '2018-01-10 10:30:00', NULL),
	(454, 1, 1, 78, 16, 42, 0, 78, 0, 21, 7, 9, '2018-01-10 11:00:00', NULL),
	(455, 1, 1, 132, 15, 107, 0, 132, 0, 18, 2, 13, '2018-01-10 11:30:00', NULL),
	(456, 1, 1, 164, 18, 92, 0, 164, 0, 14, 8, 14, '2018-01-10 12:00:00', NULL),
	(457, 1, 1, 119, 21, 61, 0, 119, 0, 21, 2, 12, '2018-01-10 12:30:00', NULL),
	(458, 1, 1, 151, 20, 24, 0, 151, 0, 20, 5, 14, '2018-01-10 13:00:00', NULL),
	(459, 1, 1, 87, 17, 29, 0, 87, 0, 14, 5, 8, '2018-01-10 13:30:00', NULL),
	(460, 1, 1, 119, 19, 110, 0, 119, 0, 15, 8, 17, '2018-01-10 14:00:00', NULL),
	(461, 1, 1, 159, 16, 60, 0, 159, 0, 21, 9, 13, '2018-01-10 14:30:00', NULL),
	(462, 1, 1, 111, 21, 26, 0, 111, 0, 14, 10, 7, '2018-01-10 15:00:00', NULL),
	(463, 1, 1, 156, 14, 76, 0, 156, 0, 19, 4, 10, '2018-01-10 15:30:00', NULL),
	(464, 1, 1, 163, 17, 83, 0, 163, 0, 17, 5, 7, '2018-01-10 16:00:00', NULL),
	(465, 1, 1, 120, 16, 67, 0, 120, 0, 14, 9, 11, '2018-01-10 16:30:00', NULL),
	(466, 1, 1, 115, 15, 78, 0, 115, 0, 15, 5, 8, '2018-01-10 17:00:00', NULL),
	(467, 1, 1, 106, 19, 80, 0, 106, 0, 16, 10, 15, '2018-01-10 17:30:00', NULL),
	(468, 1, 1, 141, 15, 88, 0, 141, 0, 14, 9, 17, '2018-01-10 18:00:00', NULL),
	(469, 1, 1, 157, 20, 68, 0, 157, 0, 16, 5, 13, '2018-01-10 18:30:00', NULL),
	(470, 1, 1, 125, 17, 63, 0, 125, 0, 21, 5, 13, '2018-01-10 19:00:00', NULL),
	(471, 1, 1, 103, 15, 38, 0, 103, 0, 20, 11, 12, '2018-01-10 19:30:00', NULL),
	(472, 1, 1, 114, 21, 96, 0, 114, 0, 21, 2, 16, '2018-01-10 20:00:00', NULL),
	(473, 1, 1, 119, 14, 60, 0, 119, 0, 14, 5, 15, '2018-01-10 20:30:00', NULL),
	(474, 1, 1, 162, 20, 53, 0, 162, 0, 20, 9, 11, '2018-01-10 21:00:00', NULL),
	(475, 1, 1, 93, 14, 76, 0, 93, 0, 19, 9, 13, '2018-01-10 21:30:00', NULL),
	(476, 1, 1, 158, 20, 100, 0, 158, 0, 16, 5, 17, '2018-01-10 22:00:00', NULL),
	(477, 1, 1, 99, 17, 47, 0, 99, 0, 20, 8, 16, '2018-01-10 22:30:00', NULL),
	(478, 1, 1, 173, 14, 93, 0, 173, 0, 17, 5, 11, '2018-01-10 23:00:00', NULL),
	(479, 1, 1, 137, 20, 24, 0, 137, 0, 16, 11, 11, '2018-01-10 23:30:00', NULL),
	(480, 1, 1, 150, 19, 53, 0, 150, 0, 18, 7, 8, '2018-01-11 00:00:00', NULL),
	(481, 1, 1, 90, 21, 74, 0, 90, 0, 14, 3, 17, '2018-01-11 00:30:00', NULL),
	(482, 1, 1, 132, 16, 26, 0, 132, 0, 19, 8, 9, '2018-01-11 01:00:00', NULL),
	(483, 1, 1, 103, 16, 53, 0, 103, 0, 17, 10, 10, '2018-01-11 01:30:00', NULL),
	(484, 1, 1, 118, 21, 62, 0, 118, 0, 21, 2, 10, '2018-01-11 02:00:00', NULL),
	(485, 1, 1, 117, 15, 37, 0, 117, 0, 21, 8, 9, '2018-01-11 02:30:00', NULL),
	(486, 1, 1, 95, 19, 102, 0, 95, 0, 15, 5, 16, '2018-01-11 03:00:00', NULL),
	(487, 1, 1, 77, 16, 95, 0, 77, 0, 18, 2, 16, '2018-01-11 03:30:00', NULL),
	(488, 1, 1, 124, 18, 35, 0, 124, 0, 19, 8, 15, '2018-01-11 04:00:00', NULL),
	(489, 1, 1, 157, 16, 70, 0, 157, 0, 14, 4, 12, '2018-01-11 04:30:00', NULL),
	(490, 1, 1, 167, 17, 45, 0, 167, 0, 17, 4, 17, '2018-01-11 05:00:00', NULL),
	(491, 1, 1, 99, 17, 68, 0, 99, 0, 16, 8, 12, '2018-01-11 05:30:00', NULL),
	(492, 1, 1, 98, 15, 41, 0, 98, 0, 17, 10, 15, '2018-01-11 06:00:00', NULL),
	(493, 1, 1, 85, 15, 31, 0, 85, 0, 17, 4, 14, '2018-01-11 06:30:00', NULL),
	(494, 1, 1, 113, 21, 40, 0, 113, 0, 14, 5, 8, '2018-01-11 07:00:00', NULL),
	(495, 1, 1, 104, 20, 27, 0, 104, 0, 18, 3, 7, '2018-01-11 07:30:00', NULL),
	(496, 1, 1, 98, 14, 25, 0, 98, 0, 14, 5, 7, '2018-01-11 08:00:00', NULL),
	(497, 1, 1, 95, 14, 54, 0, 95, 0, 17, 8, 14, '2018-01-11 08:30:00', NULL),
	(498, 1, 1, 135, 20, 21, 0, 135, 0, 16, 7, 10, '2018-01-11 09:00:00', NULL),
	(499, 1, 1, 76, 16, 22, 0, 76, 0, 20, 8, 14, '2018-01-11 09:30:00', NULL),
	(500, 1, 1, 127, 16, 35, 0, 127, 0, 17, 5, 14, '2018-01-11 10:00:00', NULL),
	(501, 1, 1, 119, 16, 106, 0, 119, 0, 17, 4, 13, '2018-01-11 10:30:00', NULL),
	(502, 1, 1, 127, 16, 77, 0, 127, 0, 19, 4, 9, '2018-01-11 11:00:00', NULL),
	(503, 1, 1, 150, 14, 68, 0, 150, 0, 20, 9, 14, '2018-01-11 11:30:00', NULL),
	(504, 1, 1, 105, 18, 33, 0, 105, 0, 20, 11, 12, '2018-01-11 12:00:00', NULL),
	(505, 1, 1, 162, 14, 40, 0, 162, 0, 20, 6, 13, '2018-01-11 12:30:00', NULL),
	(506, 1, 1, 153, 14, 23, 0, 153, 0, 18, 6, 15, '2018-01-11 13:00:00', NULL),
	(507, 1, 1, 101, 19, 38, 0, 101, 0, 20, 9, 14, '2018-01-11 13:30:00', NULL),
	(508, 1, 1, 141, 14, 107, 0, 141, 0, 15, 5, 12, '2018-01-11 14:00:00', NULL),
	(509, 1, 1, 165, 16, 54, 0, 165, 0, 18, 3, 7, '2018-01-11 14:30:00', NULL),
	(510, 1, 1, 99, 18, 56, 0, 99, 0, 17, 11, 7, '2018-01-11 15:00:00', NULL),
	(511, 1, 1, 136, 17, 95, 0, 136, 0, 16, 5, 11, '2018-01-11 15:30:00', NULL),
	(512, 1, 1, 162, 20, 69, 0, 162, 0, 16, 3, 9, '2018-01-11 16:00:00', NULL),
	(513, 1, 1, 163, 17, 81, 0, 163, 0, 14, 2, 14, '2018-01-11 16:30:00', NULL),
	(514, 1, 1, 100, 21, 40, 0, 100, 0, 19, 9, 10, '2018-01-11 17:00:00', NULL),
	(515, 1, 1, 88, 18, 78, 0, 88, 0, 14, 7, 16, '2018-01-11 17:30:00', NULL),
	(516, 1, 1, 86, 16, 92, 0, 86, 0, 17, 4, 16, '2018-01-11 18:00:00', NULL),
	(517, 1, 1, 144, 17, 27, 0, 144, 0, 21, 10, 15, '2018-01-11 18:30:00', NULL),
	(518, 1, 1, 104, 16, 104, 0, 104, 0, 15, 10, 17, '2018-01-11 19:00:00', NULL),
	(519, 1, 1, 167, 18, 54, 0, 167, 0, 16, 10, 16, '2018-01-11 19:30:00', NULL),
	(520, 1, 1, 101, 15, 108, 0, 101, 0, 17, 11, 7, '2018-01-11 20:00:00', NULL),
	(521, 1, 1, 76, 18, 103, 0, 76, 0, 18, 4, 9, '2018-01-11 20:30:00', NULL),
	(522, 1, 1, 139, 14, 110, 0, 139, 0, 19, 4, 8, '2018-01-11 21:00:00', NULL),
	(523, 1, 1, 169, 14, 68, 0, 169, 0, 20, 11, 10, '2018-01-11 21:30:00', NULL),
	(524, 1, 1, 162, 17, 82, 0, 162, 0, 18, 4, 9, '2018-01-11 22:00:00', NULL),
	(525, 1, 1, 135, 18, 90, 0, 135, 0, 14, 8, 13, '2018-01-11 22:30:00', NULL),
	(526, 1, 1, 174, 16, 28, 0, 174, 0, 20, 3, 14, '2018-01-11 23:00:00', NULL),
	(527, 1, 1, 107, 15, 43, 0, 107, 0, 19, 3, 7, '2018-01-11 23:30:00', NULL),
	(528, 1, 1, 121, 18, 104, 0, 121, 0, 21, 4, 14, '2018-01-12 00:00:00', NULL),
	(529, 1, 1, 132, 18, 96, 0, 132, 0, 14, 6, 9, '2018-01-12 00:30:00', NULL),
	(530, 1, 1, 145, 19, 29, 0, 145, 0, 16, 4, 8, '2018-01-12 01:00:00', NULL),
	(531, 1, 1, 130, 16, 93, 0, 130, 0, 21, 11, 15, '2018-01-12 01:30:00', NULL),
	(532, 1, 1, 107, 16, 79, 0, 107, 0, 20, 9, 15, '2018-01-12 02:00:00', NULL),
	(533, 1, 1, 155, 21, 102, 0, 155, 0, 19, 5, 10, '2018-01-12 02:30:00', NULL),
	(534, 1, 1, 170, 18, 67, 0, 170, 0, 20, 9, 13, '2018-01-12 03:00:00', NULL),
	(535, 1, 1, 91, 17, 38, 0, 91, 0, 20, 5, 11, '2018-01-12 03:30:00', NULL),
	(536, 1, 1, 84, 21, 76, 0, 84, 0, 16, 6, 8, '2018-01-12 04:00:00', NULL),
	(537, 1, 1, 87, 19, 46, 0, 87, 0, 17, 11, 13, '2018-01-12 04:30:00', NULL),
	(538, 1, 1, 119, 14, 80, 0, 119, 0, 20, 9, 13, '2018-01-12 05:00:00', NULL),
	(539, 1, 1, 108, 18, 65, 0, 108, 0, 14, 9, 7, '2018-01-12 05:30:00', NULL),
	(540, 1, 1, 135, 17, 84, 0, 135, 0, 17, 8, 17, '2018-01-12 06:00:00', NULL),
	(541, 1, 1, 144, 18, 80, 0, 144, 0, 14, 7, 10, '2018-01-12 06:30:00', NULL),
	(542, 1, 1, 144, 16, 105, 0, 144, 0, 18, 6, 10, '2018-01-12 07:00:00', NULL),
	(543, 1, 1, 118, 15, 83, 0, 118, 0, 16, 8, 14, '2018-01-12 07:30:00', NULL),
	(544, 1, 1, 92, 15, 39, 0, 92, 0, 16, 8, 13, '2018-01-12 08:00:00', NULL),
	(545, 1, 1, 142, 15, 93, 0, 142, 0, 20, 4, 12, '2018-01-12 08:30:00', NULL),
	(546, 1, 1, 170, 18, 93, 0, 170, 0, 20, 7, 13, '2018-01-12 09:00:00', NULL),
	(547, 1, 1, 104, 15, 26, 0, 104, 0, 21, 9, 11, '2018-01-12 09:30:00', NULL),
	(548, 1, 1, 139, 21, 70, 0, 139, 0, 18, 9, 10, '2018-01-12 10:00:00', NULL),
	(549, 1, 1, 161, 15, 22, 0, 161, 0, 17, 8, 7, '2018-01-12 10:30:00', NULL),
	(550, 1, 1, 89, 21, 27, 0, 89, 0, 19, 5, 15, '2018-01-12 11:00:00', NULL),
	(551, 1, 1, 108, 20, 65, 0, 108, 0, 19, 7, 9, '2018-01-12 11:30:00', NULL),
	(552, 1, 1, 164, 16, 65, 0, 164, 0, 21, 4, 13, '2018-01-12 12:00:00', NULL),
	(553, 1, 1, 77, 20, 77, 0, 77, 0, 15, 10, 16, '2018-01-12 12:30:00', NULL),
	(554, 1, 1, 139, 20, 94, 0, 139, 0, 19, 7, 17, '2018-01-12 13:00:00', NULL),
	(555, 1, 1, 91, 14, 50, 0, 91, 0, 16, 7, 8, '2018-01-12 13:30:00', NULL),
	(556, 1, 1, 175, 15, 104, 0, 175, 0, 20, 10, 16, '2018-01-12 14:00:00', NULL),
	(557, 1, 1, 104, 15, 100, 0, 104, 0, 19, 5, 17, '2018-01-12 14:30:00', NULL),
	(558, 1, 1, 134, 14, 48, 0, 134, 0, 17, 10, 9, '2018-01-12 15:00:00', NULL),
	(559, 1, 1, 171, 18, 44, 0, 171, 0, 16, 7, 11, '2018-01-12 15:30:00', NULL),
	(560, 1, 1, 157, 20, 72, 0, 157, 0, 21, 4, 12, '2018-01-12 16:00:00', NULL),
	(561, 1, 1, 133, 18, 85, 0, 133, 0, 18, 9, 17, '2018-01-12 16:30:00', NULL),
	(562, 1, 1, 111, 15, 99, 0, 111, 0, 18, 11, 14, '2018-01-12 17:00:00', NULL),
	(563, 1, 1, 122, 16, 43, 0, 122, 0, 14, 2, 12, '2018-01-12 17:30:00', NULL),
	(564, 1, 1, 116, 17, 42, 0, 116, 0, 21, 8, 17, '2018-01-12 18:00:00', NULL),
	(565, 1, 1, 107, 17, 20, 0, 107, 0, 14, 2, 10, '2018-01-12 18:30:00', NULL),
	(566, 1, 1, 131, 21, 66, 0, 131, 0, 17, 8, 11, '2018-01-12 19:00:00', NULL),
	(567, 1, 1, 111, 16, 24, 0, 111, 0, 15, 5, 16, '2018-01-12 19:30:00', NULL),
	(568, 1, 1, 122, 17, 34, 0, 122, 0, 17, 5, 8, '2018-01-12 20:00:00', NULL),
	(569, 1, 1, 100, 15, 109, 0, 100, 0, 18, 9, 15, '2018-01-12 20:30:00', NULL),
	(570, 1, 1, 164, 18, 56, 0, 164, 0, 20, 6, 17, '2018-01-12 21:00:00', NULL),
	(571, 1, 1, 93, 21, 44, 0, 93, 0, 18, 8, 13, '2018-01-12 21:30:00', NULL),
	(572, 1, 1, 132, 20, 90, 0, 132, 0, 18, 7, 16, '2018-01-12 22:00:00', NULL),
	(573, 1, 1, 79, 15, 21, 0, 79, 0, 15, 5, 17, '2018-01-12 22:30:00', NULL),
	(574, 1, 1, 100, 16, 98, 0, 100, 0, 18, 2, 16, '2018-01-12 23:00:00', NULL),
	(575, 1, 1, 159, 14, 98, 0, 159, 0, 20, 10, 13, '2018-01-12 23:30:00', NULL),
	(576, 1, 1, 129, 16, 22, 0, 129, 0, 17, 3, 12, '2018-01-13 00:00:00', NULL),
	(577, 1, 1, 150, 14, 80, 0, 150, 0, 18, 3, 17, '2018-01-13 00:30:00', NULL),
	(578, 1, 1, 132, 14, 64, 0, 132, 0, 19, 4, 17, '2018-01-13 01:00:00', NULL),
	(579, 1, 1, 164, 15, 74, 0, 164, 0, 16, 6, 14, '2018-01-13 01:30:00', NULL),
	(580, 1, 1, 109, 14, 21, 0, 109, 0, 20, 10, 7, '2018-01-13 02:00:00', NULL),
	(581, 1, 1, 105, 19, 38, 0, 105, 0, 15, 8, 12, '2018-01-13 02:30:00', NULL),
	(582, 1, 1, 171, 16, 53, 0, 171, 0, 18, 9, 13, '2018-01-13 03:00:00', NULL),
	(583, 1, 1, 142, 17, 100, 0, 142, 0, 20, 7, 12, '2018-01-13 03:30:00', NULL),
	(584, 1, 1, 134, 14, 76, 0, 134, 0, 18, 10, 14, '2018-01-13 04:00:00', NULL),
	(585, 1, 1, 87, 18, 72, 0, 87, 0, 17, 4, 12, '2018-01-13 04:30:00', NULL),
	(586, 1, 1, 159, 17, 101, 0, 159, 0, 19, 3, 13, '2018-01-13 05:00:00', NULL),
	(587, 1, 1, 144, 18, 54, 0, 144, 0, 15, 10, 17, '2018-01-13 05:30:00', NULL),
	(588, 1, 1, 137, 18, 29, 0, 137, 0, 20, 10, 10, '2018-01-13 06:00:00', NULL),
	(589, 1, 1, 99, 20, 40, 0, 99, 0, 16, 7, 8, '2018-01-13 06:30:00', NULL),
	(590, 1, 1, 156, 17, 22, 0, 156, 0, 20, 4, 15, '2018-01-13 07:00:00', NULL),
	(591, 1, 1, 157, 21, 93, 0, 157, 0, 14, 3, 7, '2018-01-13 07:30:00', NULL),
	(592, 1, 1, 112, 14, 88, 0, 112, 0, 18, 11, 17, '2018-01-13 08:00:00', NULL),
	(593, 1, 1, 118, 21, 32, 0, 118, 0, 19, 6, 7, '2018-01-13 08:30:00', NULL),
	(594, 1, 1, 146, 17, 98, 0, 146, 0, 14, 4, 13, '2018-01-13 09:00:00', NULL),
	(595, 1, 1, 82, 21, 40, 0, 82, 0, 14, 9, 10, '2018-01-13 09:30:00', NULL),
	(596, 1, 1, 159, 21, 92, 0, 159, 0, 20, 5, 12, '2018-01-13 10:00:00', NULL),
	(597, 1, 1, 137, 17, 81, 0, 137, 0, 21, 4, 7, '2018-01-13 10:30:00', NULL),
	(598, 1, 1, 171, 17, 90, 0, 171, 0, 20, 10, 7, '2018-01-13 11:00:00', NULL),
	(599, 1, 1, 157, 17, 106, 0, 157, 0, 17, 2, 7, '2018-01-13 11:30:00', NULL),
	(600, 1, 1, 76, 14, 38, 0, 76, 0, 21, 4, 8, '2018-01-13 12:00:00', NULL),
	(601, 1, 1, 154, 16, 80, 0, 154, 0, 14, 6, 13, '2018-01-13 12:30:00', NULL),
	(602, 1, 1, 167, 14, 33, 0, 167, 0, 17, 7, 14, '2018-01-13 13:00:00', NULL),
	(603, 1, 1, 95, 19, 102, 0, 95, 0, 20, 5, 11, '2018-01-13 13:30:00', NULL),
	(604, 1, 1, 80, 19, 64, 0, 80, 0, 17, 4, 12, '2018-01-13 14:00:00', NULL),
	(605, 1, 1, 123, 17, 95, 0, 123, 0, 21, 3, 7, '2018-01-13 14:30:00', NULL),
	(606, 1, 1, 86, 21, 99, 0, 86, 0, 18, 5, 13, '2018-01-13 15:00:00', NULL),
	(607, 1, 1, 154, 19, 63, 0, 154, 0, 15, 11, 13, '2018-01-13 15:30:00', NULL),
	(608, 1, 1, 135, 15, 79, 0, 135, 0, 19, 2, 7, '2018-01-13 16:00:00', NULL),
	(609, 1, 1, 146, 14, 69, 0, 146, 0, 20, 9, 7, '2018-01-13 16:30:00', NULL),
	(610, 1, 1, 90, 16, 68, 0, 90, 0, 20, 7, 17, '2018-01-13 17:00:00', NULL),
	(611, 1, 1, 75, 17, 78, 0, 75, 0, 16, 8, 13, '2018-01-13 17:30:00', NULL),
	(612, 1, 1, 95, 21, 78, 0, 95, 0, 15, 11, 17, '2018-01-13 18:00:00', NULL),
	(613, 1, 1, 154, 20, 68, 0, 154, 0, 16, 2, 15, '2018-01-13 18:30:00', NULL),
	(614, 1, 1, 155, 19, 21, 0, 155, 0, 20, 3, 16, '2018-01-13 19:00:00', NULL),
	(615, 1, 1, 142, 20, 36, 0, 142, 0, 14, 8, 8, '2018-01-13 19:30:00', NULL),
	(616, 1, 1, 146, 19, 72, 0, 146, 0, 21, 2, 7, '2018-01-13 20:00:00', NULL),
	(617, 1, 1, 142, 20, 21, 0, 142, 0, 14, 5, 11, '2018-01-13 20:30:00', NULL),
	(618, 1, 1, 92, 16, 78, 0, 92, 0, 17, 2, 14, '2018-01-13 21:00:00', NULL),
	(619, 1, 1, 147, 16, 41, 0, 147, 0, 14, 10, 13, '2018-01-13 21:30:00', NULL),
	(620, 1, 1, 99, 15, 78, 0, 99, 0, 15, 4, 11, '2018-01-13 22:00:00', NULL),
	(621, 1, 1, 90, 15, 79, 0, 90, 0, 17, 7, 11, '2018-01-13 22:30:00', NULL),
	(622, 1, 1, 99, 20, 109, 0, 99, 0, 18, 10, 14, '2018-01-13 23:00:00', NULL),
	(623, 1, 1, 172, 18, 40, 0, 172, 0, 15, 7, 13, '2018-01-13 23:30:00', NULL),
	(624, 1, 1, 137, 21, 86, 0, 137, 0, 15, 9, 7, '2018-01-14 00:00:00', NULL),
	(625, 1, 1, 136, 20, 87, 0, 136, 0, 14, 6, 15, '2018-01-14 00:30:00', NULL),
	(626, 1, 1, 145, 14, 46, 0, 145, 0, 20, 5, 15, '2018-01-14 01:00:00', NULL),
	(627, 1, 1, 126, 20, 42, 0, 126, 0, 21, 11, 15, '2018-01-14 01:30:00', NULL),
	(628, 1, 1, 96, 18, 101, 0, 96, 0, 14, 2, 11, '2018-01-14 02:00:00', NULL),
	(629, 1, 1, 130, 17, 35, 0, 130, 0, 16, 2, 9, '2018-01-14 02:30:00', NULL),
	(630, 1, 1, 129, 18, 85, 0, 129, 0, 20, 6, 10, '2018-01-14 03:00:00', NULL),
	(631, 1, 1, 112, 15, 108, 0, 112, 0, 18, 7, 16, '2018-01-14 03:30:00', NULL),
	(632, 1, 1, 138, 14, 72, 0, 138, 0, 17, 10, 14, '2018-01-14 04:00:00', NULL),
	(633, 1, 1, 83, 16, 63, 0, 83, 0, 15, 6, 16, '2018-01-14 04:30:00', NULL),
	(634, 1, 1, 103, 21, 29, 0, 103, 0, 15, 7, 7, '2018-01-14 05:00:00', NULL),
	(635, 1, 1, 118, 17, 69, 0, 118, 0, 17, 9, 17, '2018-01-14 05:30:00', NULL),
	(636, 1, 1, 144, 19, 55, 0, 144, 0, 20, 4, 8, '2018-01-14 06:00:00', NULL),
	(637, 1, 1, 137, 16, 45, 0, 137, 0, 18, 8, 10, '2018-01-14 06:30:00', NULL),
	(638, 1, 1, 78, 18, 53, 0, 78, 0, 15, 6, 11, '2018-01-14 07:00:00', NULL),
	(639, 1, 1, 104, 18, 68, 0, 104, 0, 21, 9, 9, '2018-01-14 07:30:00', NULL),
	(640, 1, 1, 124, 14, 110, 0, 124, 0, 20, 11, 11, '2018-01-14 08:00:00', NULL),
	(641, 1, 1, 165, 18, 75, 0, 165, 0, 16, 10, 17, '2018-01-14 08:30:00', NULL),
	(642, 1, 1, 148, 16, 23, 0, 148, 0, 15, 7, 13, '2018-01-14 09:00:00', NULL),
	(643, 1, 1, 133, 16, 98, 0, 133, 0, 18, 10, 10, '2018-01-14 09:30:00', NULL),
	(644, 1, 1, 155, 19, 83, 0, 155, 0, 20, 6, 8, '2018-01-14 10:00:00', NULL),
	(645, 1, 1, 121, 15, 69, 0, 121, 0, 21, 6, 7, '2018-01-14 10:30:00', NULL),
	(646, 1, 1, 105, 20, 82, 0, 105, 0, 14, 3, 14, '2018-01-14 11:00:00', NULL),
	(647, 1, 1, 136, 19, 95, 0, 136, 0, 16, 5, 17, '2018-01-14 11:30:00', NULL),
	(648, 1, 1, 105, 19, 34, 0, 105, 0, 14, 4, 12, '2018-01-14 12:00:00', NULL),
	(649, 1, 1, 85, 20, 100, 0, 85, 0, 18, 6, 12, '2018-01-14 12:30:00', NULL),
	(650, 1, 1, 94, 21, 29, 0, 94, 0, 21, 8, 13, '2018-01-14 13:00:00', NULL),
	(651, 1, 1, 149, 14, 101, 0, 149, 0, 17, 8, 10, '2018-01-14 13:30:00', NULL),
	(652, 1, 1, 76, 17, 78, 0, 76, 0, 15, 9, 8, '2018-01-14 14:00:00', NULL),
	(653, 1, 1, 98, 16, 45, 0, 98, 0, 14, 11, 17, '2018-01-14 14:30:00', NULL),
	(654, 1, 1, 77, 15, 83, 0, 77, 0, 19, 8, 9, '2018-01-14 15:00:00', NULL),
	(655, 1, 1, 161, 14, 93, 0, 161, 0, 16, 6, 12, '2018-01-14 15:30:00', NULL),
	(656, 1, 1, 106, 16, 99, 0, 106, 0, 17, 11, 8, '2018-01-14 16:00:00', NULL),
	(657, 1, 1, 130, 18, 39, 0, 130, 0, 19, 9, 13, '2018-01-14 16:30:00', NULL),
	(658, 1, 1, 170, 14, 23, 0, 170, 0, 18, 9, 16, '2018-01-14 17:00:00', NULL),
	(659, 1, 1, 133, 20, 70, 0, 133, 0, 14, 10, 8, '2018-01-14 17:30:00', NULL),
	(660, 1, 1, 150, 19, 50, 0, 150, 0, 20, 9, 8, '2018-01-14 18:00:00', NULL),
	(661, 1, 1, 143, 16, 60, 0, 143, 0, 14, 3, 8, '2018-01-14 18:30:00', NULL),
	(662, 1, 1, 128, 21, 110, 0, 128, 0, 16, 7, 12, '2018-01-14 19:00:00', NULL),
	(663, 1, 1, 167, 14, 91, 0, 167, 0, 19, 9, 14, '2018-01-14 19:30:00', NULL),
	(664, 1, 1, 116, 15, 50, 0, 116, 0, 14, 5, 15, '2018-01-14 20:00:00', NULL),
	(665, 1, 1, 112, 21, 87, 0, 112, 0, 14, 6, 7, '2018-01-14 20:30:00', NULL),
	(666, 1, 1, 172, 16, 80, 0, 172, 0, 19, 4, 13, '2018-01-14 21:00:00', NULL),
	(667, 1, 1, 143, 20, 36, 0, 143, 0, 20, 9, 10, '2018-01-14 21:30:00', NULL),
	(668, 1, 1, 135, 14, 44, 0, 135, 0, 19, 2, 14, '2018-01-14 22:00:00', NULL),
	(669, 1, 1, 150, 14, 28, 0, 150, 0, 20, 9, 12, '2018-01-14 22:30:00', NULL),
	(670, 1, 1, 81, 19, 72, 0, 81, 0, 18, 4, 15, '2018-01-14 23:00:00', NULL),
	(671, 1, 1, 122, 19, 26, 0, 122, 0, 16, 7, 12, '2018-01-14 23:30:00', NULL),
	(672, 1, 1, 98, 20, 84, 0, 98, 0, 14, 7, 10, '2018-01-15 00:00:00', NULL),
	(673, 1, 1, 173, 18, 82, 0, 173, 0, 14, 10, 7, '2018-01-15 00:30:00', NULL),
	(674, 1, 1, 168, 21, 39, 0, 168, 0, 18, 11, 14, '2018-01-15 01:00:00', NULL),
	(675, 1, 1, 151, 19, 40, 0, 151, 0, 15, 3, 17, '2018-01-15 01:30:00', NULL),
	(676, 1, 1, 100, 20, 24, 0, 100, 0, 14, 7, 11, '2018-01-15 02:00:00', NULL),
	(677, 1, 1, 144, 16, 78, 0, 144, 0, 14, 6, 17, '2018-01-15 02:30:00', NULL),
	(678, 1, 1, 99, 17, 69, 0, 99, 0, 21, 7, 11, '2018-01-15 03:00:00', NULL),
	(679, 1, 1, 139, 14, 109, 0, 139, 0, 16, 3, 14, '2018-01-15 03:30:00', NULL),
	(680, 1, 1, 152, 17, 27, 0, 152, 0, 21, 2, 16, '2018-01-15 04:00:00', NULL),
	(681, 1, 1, 125, 16, 76, 0, 125, 0, 18, 6, 16, '2018-01-15 04:30:00', NULL),
	(682, 1, 1, 119, 15, 27, 0, 119, 0, 18, 4, 10, '2018-01-15 05:00:00', NULL),
	(683, 1, 1, 144, 20, 44, 0, 144, 0, 20, 10, 15, '2018-01-15 05:30:00', NULL),
	(684, 1, 1, 139, 16, 63, 0, 139, 0, 19, 2, 7, '2018-01-15 06:00:00', NULL),
	(685, 1, 1, 96, 18, 45, 0, 96, 0, 19, 5, 7, '2018-01-15 06:30:00', NULL),
	(686, 1, 1, 89, 19, 82, 0, 89, 0, 14, 11, 7, '2018-01-15 07:00:00', NULL),
	(687, 1, 1, 162, 18, 91, 0, 162, 0, 16, 2, 15, '2018-01-15 07:30:00', NULL),
	(688, 1, 1, 122, 15, 97, 0, 122, 0, 17, 8, 11, '2018-01-15 08:00:00', NULL),
	(689, 1, 1, 101, 19, 76, 0, 101, 0, 17, 9, 12, '2018-01-15 08:30:00', NULL),
	(690, 1, 1, 96, 21, 53, 0, 96, 0, 21, 8, 15, '2018-01-15 09:00:00', NULL),
	(691, 1, 1, 120, 16, 109, 0, 120, 0, 21, 2, 9, '2018-01-15 09:30:00', NULL),
	(692, 1, 1, 125, 21, 42, 0, 125, 0, 14, 10, 13, '2018-01-15 10:00:00', NULL),
	(693, 1, 1, 136, 14, 27, 0, 136, 0, 16, 2, 11, '2018-01-15 10:30:00', NULL),
	(694, 1, 1, 174, 15, 22, 0, 174, 0, 19, 8, 12, '2018-01-15 11:00:00', NULL),
	(695, 1, 1, 168, 19, 64, 0, 168, 0, 19, 6, 16, '2018-01-15 11:30:00', NULL),
	(696, 1, 1, 171, 17, 78, 0, 171, 0, 14, 10, 14, '2018-01-15 12:00:00', NULL),
	(697, 1, 1, 80, 18, 45, 0, 80, 0, 19, 8, 8, '2018-01-15 12:30:00', NULL),
	(698, 1, 1, 130, 15, 110, 0, 130, 0, 21, 6, 17, '2018-01-15 13:00:00', NULL),
	(699, 1, 1, 157, 18, 109, 0, 157, 0, 14, 3, 12, '2018-01-15 13:30:00', NULL),
	(700, 1, 1, 93, 18, 98, 0, 93, 0, 17, 10, 14, '2018-01-15 14:00:00', NULL),
	(701, 1, 1, 104, 16, 37, 0, 104, 0, 20, 7, 17, '2018-01-15 14:30:00', NULL),
	(702, 1, 1, 136, 18, 106, 0, 136, 0, 14, 7, 17, '2018-01-15 15:00:00', NULL),
	(703, 1, 1, 110, 19, 105, 0, 110, 0, 15, 9, 11, '2018-01-15 15:30:00', NULL),
	(704, 1, 1, 116, 17, 26, 0, 116, 0, 19, 4, 13, '2018-01-15 16:00:00', NULL),
	(705, 1, 1, 167, 15, 62, 0, 167, 0, 19, 8, 11, '2018-01-15 16:30:00', NULL),
	(706, 1, 1, 173, 18, 79, 0, 173, 0, 16, 5, 7, '2018-01-15 17:00:00', NULL),
	(707, 1, 1, 162, 19, 110, 0, 162, 0, 19, 2, 7, '2018-01-15 17:30:00', NULL),
	(708, 1, 1, 127, 21, 71, 0, 127, 0, 20, 11, 16, '2018-01-15 18:00:00', NULL),
	(709, 1, 1, 92, 18, 33, 0, 92, 0, 21, 5, 8, '2018-01-15 18:30:00', NULL),
	(710, 1, 1, 100, 17, 90, 0, 100, 0, 20, 4, 8, '2018-01-15 19:00:00', NULL),
	(711, 1, 1, 151, 18, 91, 0, 151, 0, 15, 5, 10, '2018-01-15 19:30:00', NULL),
	(712, 1, 1, 75, 19, 77, 0, 75, 0, 17, 10, 9, '2018-01-15 20:00:00', NULL),
	(713, 1, 1, 139, 20, 93, 0, 139, 0, 16, 8, 11, '2018-01-15 20:30:00', NULL),
	(714, 1, 1, 87, 17, 20, 0, 87, 0, 17, 9, 8, '2018-01-15 21:00:00', NULL),
	(715, 1, 1, 99, 16, 41, 0, 99, 0, 21, 8, 9, '2018-01-15 21:30:00', NULL),
	(716, 1, 1, 109, 18, 23, 0, 109, 0, 17, 3, 11, '2018-01-15 22:00:00', NULL),
	(717, 1, 1, 144, 16, 44, 0, 144, 0, 18, 4, 13, '2018-01-15 22:30:00', NULL),
	(718, 1, 1, 147, 20, 20, 0, 147, 0, 19, 11, 16, '2018-01-15 23:00:00', NULL),
	(719, 1, 1, 153, 19, 71, 0, 153, 0, 17, 2, 11, '2018-01-15 23:30:00', NULL),
	(720, 1, 1, 85, 17, 24, 0, 85, 0, 21, 9, 16, '2018-01-16 00:00:00', NULL),
	(721, 1, 1, 150, 15, 80, 0, 150, 0, 19, 5, 14, '2018-01-16 00:30:00', NULL),
	(722, 1, 1, 99, 20, 49, 0, 99, 0, 19, 4, 9, '2018-01-16 01:00:00', NULL),
	(723, 1, 1, 99, 20, 62, 0, 99, 0, 16, 8, 10, '2018-01-16 01:30:00', NULL),
	(724, 1, 1, 102, 17, 56, 0, 102, 0, 19, 4, 11, '2018-01-16 02:00:00', NULL),
	(725, 1, 1, 174, 20, 23, 0, 174, 0, 18, 8, 9, '2018-01-16 02:30:00', NULL),
	(726, 1, 1, 172, 14, 109, 0, 172, 0, 17, 5, 7, '2018-01-16 03:00:00', NULL),
	(727, 1, 1, 88, 16, 50, 0, 88, 0, 19, 10, 10, '2018-01-16 03:30:00', NULL),
	(728, 1, 1, 114, 17, 83, 0, 114, 0, 18, 6, 13, '2018-01-16 04:00:00', NULL),
	(729, 1, 1, 105, 21, 91, 0, 105, 0, 21, 3, 12, '2018-01-16 04:30:00', NULL),
	(730, 1, 1, 80, 18, 22, 0, 80, 0, 17, 4, 13, '2018-01-16 05:00:00', NULL),
	(731, 1, 1, 118, 21, 83, 0, 118, 0, 20, 8, 7, '2018-01-16 05:30:00', NULL),
	(732, 1, 1, 100, 18, 47, 0, 100, 0, 14, 11, 13, '2018-01-16 06:00:00', NULL),
	(733, 1, 1, 144, 17, 84, 0, 144, 0, 16, 4, 17, '2018-01-16 06:30:00', NULL),
	(734, 1, 1, 91, 19, 109, 0, 91, 0, 21, 5, 14, '2018-01-16 07:00:00', NULL),
	(735, 1, 1, 159, 14, 90, 0, 159, 0, 17, 11, 13, '2018-01-16 07:30:00', NULL),
	(736, 1, 1, 117, 17, 32, 0, 117, 0, 21, 3, 12, '2018-01-16 08:00:00', NULL),
	(737, 1, 1, 96, 17, 67, 0, 96, 0, 14, 8, 11, '2018-01-16 08:30:00', NULL),
	(738, 1, 1, 88, 17, 33, 0, 88, 0, 16, 6, 11, '2018-01-16 09:00:00', NULL),
	(739, 1, 1, 147, 16, 71, 0, 147, 0, 18, 3, 10, '2018-01-16 09:30:00', NULL),
	(740, 1, 1, 110, 21, 71, 0, 110, 0, 21, 4, 15, '2018-01-16 10:00:00', NULL),
	(741, 1, 1, 146, 19, 59, 0, 146, 0, 17, 8, 12, '2018-01-16 10:30:00', NULL),
	(742, 1, 1, 172, 21, 26, 0, 172, 0, 18, 7, 15, '2018-01-16 11:00:00', NULL),
	(743, 1, 1, 91, 18, 70, 0, 91, 0, 16, 10, 10, '2018-01-16 11:30:00', NULL),
	(744, 1, 1, 171, 20, 74, 0, 171, 0, 17, 8, 7, '2018-01-16 12:00:00', NULL),
	(745, 1, 1, 153, 20, 25, 0, 153, 0, 19, 3, 15, '2018-01-16 12:30:00', NULL),
	(746, 1, 1, 77, 16, 45, 0, 77, 0, 14, 7, 14, '2018-01-16 13:00:00', NULL),
	(747, 1, 1, 140, 16, 98, 0, 140, 0, 18, 5, 14, '2018-01-16 13:30:00', NULL),
	(748, 1, 1, 172, 17, 44, 0, 172, 0, 15, 6, 7, '2018-01-16 14:00:00', NULL),
	(749, 1, 1, 84, 20, 57, 0, 84, 0, 17, 4, 12, '2018-01-16 14:30:00', NULL),
	(750, 1, 1, 82, 15, 99, 0, 82, 0, 15, 7, 7, '2018-01-16 15:00:00', NULL),
	(751, 1, 1, 107, 20, 96, 0, 107, 0, 17, 9, 13, '2018-01-16 15:30:00', NULL),
	(752, 1, 1, 124, 19, 90, 0, 124, 0, 18, 8, 13, '2018-01-16 16:00:00', NULL),
	(753, 1, 1, 114, 15, 31, 0, 114, 0, 17, 7, 14, '2018-01-16 16:30:00', NULL),
	(754, 1, 1, 96, 16, 109, 0, 96, 0, 20, 8, 17, '2018-01-16 17:00:00', NULL),
	(755, 1, 1, 108, 18, 93, 0, 108, 0, 20, 4, 14, '2018-01-16 17:30:00', NULL),
	(756, 1, 1, 114, 14, 22, 0, 114, 0, 14, 4, 8, '2018-01-16 18:00:00', NULL),
	(757, 1, 1, 111, 20, 96, 0, 111, 0, 15, 4, 9, '2018-01-16 18:30:00', NULL),
	(758, 1, 1, 78, 20, 34, 0, 78, 0, 17, 5, 13, '2018-01-16 19:00:00', NULL),
	(759, 1, 1, 107, 15, 103, 0, 107, 0, 17, 10, 12, '2018-01-16 19:30:00', NULL),
	(760, 1, 1, 142, 21, 24, 0, 142, 0, 19, 2, 15, '2018-01-16 20:00:00', NULL),
	(761, 1, 1, 85, 14, 79, 0, 85, 0, 18, 4, 16, '2018-01-16 20:30:00', NULL),
	(762, 1, 1, 152, 21, 41, 0, 152, 0, 16, 7, 13, '2018-01-16 21:00:00', NULL),
	(763, 1, 1, 93, 16, 61, 0, 93, 0, 18, 3, 16, '2018-01-16 21:30:00', NULL),
	(764, 1, 1, 129, 18, 92, 0, 129, 0, 18, 7, 9, '2018-01-16 22:00:00', NULL),
	(765, 1, 1, 98, 21, 59, 0, 98, 0, 19, 8, 16, '2018-01-16 22:30:00', NULL),
	(766, 1, 1, 97, 20, 27, 0, 97, 0, 21, 6, 7, '2018-01-16 23:00:00', NULL),
	(767, 1, 1, 133, 20, 33, 0, 133, 0, 19, 4, 16, '2018-01-16 23:30:00', NULL),
	(768, 1, 1, 175, 21, 107, 0, 175, 0, 14, 5, 9, '2018-01-17 00:00:00', NULL),
	(769, 1, 1, 92, 20, 90, 0, 92, 0, 17, 7, 12, '2018-01-17 00:30:00', NULL),
	(770, 1, 1, 172, 19, 79, 0, 172, 0, 17, 3, 9, '2018-01-17 01:00:00', NULL),
	(771, 1, 1, 139, 14, 48, 0, 139, 0, 19, 9, 15, '2018-01-17 01:30:00', NULL),
	(772, 1, 1, 174, 21, 85, 0, 174, 0, 15, 8, 14, '2018-01-17 02:00:00', NULL),
	(773, 1, 1, 111, 15, 79, 0, 111, 0, 15, 9, 9, '2018-01-17 02:30:00', NULL),
	(774, 1, 1, 155, 19, 47, 0, 155, 0, 14, 8, 10, '2018-01-17 03:00:00', NULL),
	(775, 1, 1, 94, 17, 60, 0, 94, 0, 19, 6, 9, '2018-01-17 03:30:00', NULL),
	(776, 1, 1, 117, 14, 73, 0, 117, 0, 17, 11, 8, '2018-01-17 04:00:00', NULL),
	(777, 1, 1, 103, 15, 39, 0, 103, 0, 19, 7, 7, '2018-01-17 04:30:00', NULL),
	(778, 1, 1, 110, 17, 91, 0, 110, 0, 16, 2, 8, '2018-01-17 05:00:00', NULL),
	(779, 1, 1, 164, 14, 55, 0, 164, 0, 15, 6, 15, '2018-01-17 05:30:00', NULL),
	(780, 1, 1, 123, 16, 24, 0, 123, 0, 18, 11, 15, '2018-01-17 06:00:00', NULL),
	(781, 1, 1, 124, 19, 90, 0, 124, 0, 19, 10, 8, '2018-01-17 06:30:00', NULL),
	(782, 1, 1, 129, 18, 108, 0, 129, 0, 21, 7, 12, '2018-01-17 07:00:00', NULL),
	(783, 1, 1, 107, 20, 62, 0, 107, 0, 20, 10, 16, '2018-01-17 07:30:00', NULL),
	(784, 1, 1, 104, 19, 85, 0, 104, 0, 18, 5, 9, '2018-01-17 08:00:00', NULL),
	(785, 1, 1, 140, 17, 70, 0, 140, 0, 15, 6, 17, '2018-01-17 08:30:00', NULL),
	(786, 1, 1, 148, 21, 29, 0, 148, 0, 17, 2, 15, '2018-01-17 09:00:00', NULL),
	(787, 1, 1, 172, 14, 52, 0, 172, 0, 17, 5, 9, '2018-01-17 09:30:00', NULL),
	(788, 1, 1, 109, 19, 25, 0, 109, 0, 16, 4, 16, '2018-01-17 10:00:00', NULL),
	(789, 1, 1, 92, 18, 20, 0, 92, 0, 21, 5, 7, '2018-01-17 10:30:00', NULL),
	(790, 1, 1, 162, 20, 106, 0, 162, 0, 20, 4, 15, '2018-01-17 11:00:00', NULL),
	(791, 1, 1, 144, 18, 26, 0, 144, 0, 21, 9, 7, '2018-01-17 11:30:00', NULL),
	(792, 1, 1, 149, 15, 20, 0, 149, 0, 21, 3, 13, '2018-01-17 12:00:00', NULL),
	(793, 1, 1, 153, 17, 77, 0, 153, 0, 14, 9, 8, '2018-01-17 12:30:00', NULL),
	(794, 1, 1, 162, 21, 83, 0, 162, 0, 16, 5, 13, '2018-01-17 13:00:00', NULL),
	(795, 1, 1, 163, 20, 84, 0, 163, 0, 14, 11, 9, '2018-01-17 13:30:00', NULL),
	(796, 1, 1, 113, 19, 85, 0, 113, 0, 17, 5, 15, '2018-01-17 14:00:00', NULL),
	(797, 1, 1, 126, 18, 43, 0, 126, 0, 20, 3, 11, '2018-01-17 14:30:00', NULL),
	(798, 1, 1, 125, 18, 76, 0, 125, 0, 18, 7, 13, '2018-01-17 15:00:00', NULL),
	(799, 1, 1, 164, 14, 58, 0, 164, 0, 17, 8, 9, '2018-01-17 15:30:00', NULL),
	(800, 1, 1, 158, 16, 110, 0, 158, 0, 21, 4, 12, '2018-01-17 16:00:00', NULL),
	(801, 1, 1, 81, 15, 83, 0, 81, 0, 17, 11, 11, '2018-01-17 16:30:00', NULL),
	(802, 1, 1, 139, 17, 77, 0, 139, 0, 15, 8, 15, '2018-01-17 17:00:00', NULL),
	(803, 1, 1, 96, 18, 89, 0, 96, 0, 19, 7, 10, '2018-01-17 17:30:00', NULL),
	(804, 1, 1, 148, 17, 67, 0, 148, 0, 20, 4, 8, '2018-01-17 18:00:00', NULL),
	(805, 1, 1, 149, 19, 51, 0, 149, 0, 21, 4, 12, '2018-01-17 18:30:00', NULL),
	(806, 1, 1, 122, 19, 94, 0, 122, 0, 17, 7, 16, '2018-01-17 19:00:00', NULL),
	(807, 1, 1, 153, 19, 28, 0, 153, 0, 17, 3, 14, '2018-01-17 19:30:00', NULL),
	(808, 1, 1, 146, 18, 27, 0, 146, 0, 21, 3, 16, '2018-01-17 20:00:00', NULL),
	(809, 1, 1, 154, 21, 47, 0, 154, 0, 19, 3, 14, '2018-01-17 20:30:00', NULL),
	(810, 1, 1, 155, 16, 77, 0, 155, 0, 17, 9, 15, '2018-01-17 21:00:00', NULL),
	(811, 1, 1, 153, 18, 36, 0, 153, 0, 16, 9, 13, '2018-01-17 21:30:00', NULL),
	(812, 1, 1, 106, 14, 50, 0, 106, 0, 20, 5, 16, '2018-01-17 22:00:00', NULL),
	(813, 1, 1, 116, 16, 79, 0, 116, 0, 19, 5, 15, '2018-01-17 22:30:00', NULL),
	(814, 1, 1, 149, 17, 33, 0, 149, 0, 16, 2, 15, '2018-01-17 23:00:00', NULL),
	(815, 1, 1, 95, 20, 51, 0, 95, 0, 21, 5, 8, '2018-01-17 23:30:00', NULL),
	(816, 1, 1, 131, 15, 85, 0, 131, 0, 16, 3, 9, '2018-01-18 00:00:00', NULL),
	(817, 1, 1, 118, 20, 63, 0, 118, 0, 21, 10, 11, '2018-01-18 00:30:00', NULL),
	(818, 1, 1, 112, 15, 91, 0, 112, 0, 16, 4, 8, '2018-01-18 01:00:00', NULL),
	(819, 1, 1, 163, 21, 109, 0, 163, 0, 14, 7, 15, '2018-01-18 01:30:00', NULL),
	(820, 1, 1, 96, 17, 35, 0, 96, 0, 17, 10, 10, '2018-01-18 02:00:00', NULL),
	(821, 1, 1, 86, 14, 57, 0, 86, 0, 20, 3, 7, '2018-01-18 02:30:00', NULL),
	(822, 1, 1, 86, 14, 82, 0, 86, 0, 18, 7, 12, '2018-01-18 03:00:00', NULL),
	(823, 1, 1, 110, 16, 62, 0, 110, 0, 17, 11, 9, '2018-01-18 03:30:00', NULL),
	(824, 1, 1, 145, 21, 108, 0, 145, 0, 18, 10, 9, '2018-01-18 04:00:00', NULL),
	(825, 1, 1, 88, 20, 101, 0, 88, 0, 14, 10, 15, '2018-01-18 04:30:00', NULL),
	(826, 1, 1, 120, 20, 61, 0, 120, 0, 20, 10, 15, '2018-01-18 05:00:00', NULL),
	(827, 1, 1, 147, 18, 52, 0, 147, 0, 18, 8, 15, '2018-01-18 05:30:00', NULL),
	(828, 1, 1, 109, 19, 53, 0, 109, 0, 19, 3, 12, '2018-01-18 06:00:00', NULL),
	(829, 1, 1, 174, 20, 110, 0, 174, 0, 14, 11, 8, '2018-01-18 06:30:00', NULL),
	(830, 1, 1, 109, 14, 43, 0, 109, 0, 18, 8, 10, '2018-01-18 07:00:00', NULL),
	(831, 1, 1, 169, 14, 50, 0, 169, 0, 18, 7, 11, '2018-01-18 07:30:00', NULL),
	(832, 1, 1, 161, 16, 37, 0, 161, 0, 14, 6, 11, '2018-01-18 08:00:00', NULL),
	(833, 1, 1, 83, 20, 55, 0, 83, 0, 14, 6, 14, '2018-01-18 08:30:00', NULL),
	(834, 1, 1, 124, 19, 39, 0, 124, 0, 17, 3, 13, '2018-01-18 09:00:00', NULL),
	(835, 1, 1, 96, 17, 32, 0, 96, 0, 17, 7, 17, '2018-01-18 09:30:00', NULL),
	(836, 1, 1, 171, 18, 94, 0, 171, 0, 15, 10, 15, '2018-01-18 10:00:00', NULL),
	(837, 1, 1, 126, 16, 36, 0, 126, 0, 21, 11, 11, '2018-01-18 10:30:00', NULL),
	(838, 1, 1, 94, 21, 39, 0, 94, 0, 20, 4, 15, '2018-01-18 11:00:00', NULL),
	(839, 1, 1, 77, 16, 68, 0, 77, 0, 17, 7, 9, '2018-01-18 11:30:00', NULL),
	(840, 1, 1, 98, 17, 60, 0, 98, 0, 15, 3, 11, '2018-01-18 12:00:00', NULL),
	(841, 1, 1, 75, 21, 91, 0, 75, 0, 17, 11, 7, '2018-01-18 12:30:00', NULL),
	(842, 1, 1, 150, 16, 68, 0, 150, 0, 15, 8, 17, '2018-01-18 13:00:00', NULL),
	(843, 1, 1, 164, 17, 78, 0, 164, 0, 17, 2, 8, '2018-01-18 13:30:00', NULL),
	(844, 1, 1, 125, 20, 42, 0, 125, 0, 21, 11, 13, '2018-01-18 14:00:00', NULL),
	(845, 1, 1, 134, 21, 88, 0, 134, 0, 17, 3, 13, '2018-01-18 14:30:00', NULL),
	(846, 1, 1, 151, 18, 46, 0, 151, 0, 17, 9, 16, '2018-01-18 15:00:00', NULL),
	(847, 1, 1, 103, 21, 37, 0, 103, 0, 21, 6, 10, '2018-01-18 15:30:00', NULL),
	(848, 1, 1, 93, 17, 33, 0, 93, 0, 17, 11, 8, '2018-01-18 16:00:00', NULL),
	(849, 1, 1, 108, 14, 40, 0, 108, 0, 21, 8, 11, '2018-01-18 16:30:00', NULL),
	(850, 1, 1, 103, 20, 58, 0, 103, 0, 20, 9, 9, '2018-01-18 17:00:00', NULL),
	(851, 1, 1, 152, 15, 34, 0, 152, 0, 20, 3, 17, '2018-01-18 17:30:00', NULL),
	(852, 1, 1, 150, 19, 59, 0, 150, 0, 17, 7, 7, '2018-01-18 18:00:00', NULL),
	(853, 1, 1, 175, 21, 29, 0, 175, 0, 18, 5, 13, '2018-01-18 18:30:00', NULL),
	(854, 1, 1, 137, 17, 38, 0, 137, 0, 14, 9, 16, '2018-01-18 19:00:00', NULL),
	(855, 1, 1, 141, 14, 65, 0, 141, 0, 17, 10, 12, '2018-01-18 19:30:00', NULL),
	(856, 1, 1, 172, 19, 98, 0, 172, 0, 19, 10, 9, '2018-01-18 20:00:00', NULL),
	(857, 1, 1, 167, 20, 105, 0, 167, 0, 20, 7, 11, '2018-01-18 20:30:00', NULL),
	(858, 1, 1, 146, 21, 86, 0, 146, 0, 21, 7, 17, '2018-01-18 21:00:00', NULL),
	(859, 1, 1, 148, 15, 46, 0, 148, 0, 15, 10, 13, '2018-01-18 21:30:00', NULL),
	(860, 1, 1, 111, 21, 77, 0, 111, 0, 19, 10, 8, '2018-01-18 22:00:00', NULL),
	(861, 1, 1, 156, 16, 40, 0, 156, 0, 21, 5, 7, '2018-01-18 22:30:00', NULL),
	(862, 1, 1, 122, 20, 43, 0, 122, 0, 20, 4, 16, '2018-01-18 23:00:00', NULL),
	(863, 1, 1, 144, 17, 79, 0, 144, 0, 19, 7, 7, '2018-01-18 23:30:00', NULL),
	(864, 1, 1, 153, 21, 74, 0, 153, 0, 19, 2, 17, '2018-01-19 00:00:00', NULL),
	(865, 1, 1, 99, 19, 50, 0, 99, 0, 21, 11, 8, '2018-01-19 00:30:00', NULL),
	(866, 1, 1, 119, 20, 68, 0, 119, 0, 19, 9, 8, '2018-01-19 01:00:00', NULL),
	(867, 1, 1, 127, 21, 56, 0, 127, 0, 20, 11, 7, '2018-01-19 01:30:00', NULL),
	(868, 1, 1, 164, 20, 95, 0, 164, 0, 17, 9, 8, '2018-01-19 02:00:00', NULL),
	(869, 1, 1, 86, 16, 75, 0, 86, 0, 17, 5, 8, '2018-01-19 02:30:00', NULL),
	(870, 1, 1, 120, 17, 96, 0, 120, 0, 21, 2, 10, '2018-01-19 03:00:00', NULL),
	(871, 1, 1, 164, 21, 106, 0, 164, 0, 16, 2, 9, '2018-01-19 03:30:00', NULL),
	(872, 1, 1, 95, 21, 106, 0, 95, 0, 14, 3, 8, '2018-01-19 04:00:00', NULL),
	(873, 1, 1, 106, 16, 59, 0, 106, 0, 21, 9, 7, '2018-01-19 04:30:00', NULL),
	(874, 1, 1, 148, 14, 56, 0, 148, 0, 15, 10, 17, '2018-01-19 05:00:00', NULL),
	(875, 1, 1, 148, 21, 65, 0, 148, 0, 15, 10, 11, '2018-01-19 05:30:00', NULL),
	(876, 1, 1, 103, 19, 70, 0, 103, 0, 20, 2, 17, '2018-01-19 06:00:00', NULL),
	(877, 1, 1, 156, 20, 49, 0, 156, 0, 18, 2, 7, '2018-01-19 06:30:00', NULL),
	(878, 1, 1, 106, 19, 70, 0, 106, 0, 18, 3, 16, '2018-01-19 07:00:00', NULL),
	(879, 1, 1, 118, 15, 41, 0, 118, 0, 18, 5, 8, '2018-01-19 07:30:00', NULL),
	(880, 1, 1, 167, 17, 97, 0, 167, 0, 16, 2, 9, '2018-01-19 08:00:00', NULL),
	(881, 1, 1, 116, 16, 21, 0, 116, 0, 15, 10, 12, '2018-01-19 08:30:00', NULL),
	(882, 1, 1, 159, 15, 58, 0, 159, 0, 15, 8, 13, '2018-01-19 09:00:00', NULL),
	(883, 1, 1, 114, 15, 75, 0, 114, 0, 15, 10, 17, '2018-01-19 09:30:00', NULL),
	(884, 1, 1, 163, 14, 20, 0, 163, 0, 16, 7, 16, '2018-01-19 10:00:00', NULL),
	(885, 1, 1, 79, 14, 92, 0, 79, 0, 20, 10, 12, '2018-01-19 10:30:00', NULL),
	(886, 1, 1, 141, 15, 108, 0, 141, 0, 21, 4, 11, '2018-01-19 11:00:00', NULL),
	(887, 1, 1, 78, 15, 36, 0, 78, 0, 21, 2, 10, '2018-01-19 11:30:00', NULL),
	(888, 1, 1, 169, 20, 43, 0, 169, 0, 14, 8, 11, '2018-01-19 12:00:00', NULL),
	(889, 1, 1, 84, 17, 67, 0, 84, 0, 20, 10, 15, '2018-01-19 12:30:00', NULL),
	(890, 1, 1, 102, 16, 28, 0, 102, 0, 16, 6, 15, '2018-01-19 13:00:00', NULL),
	(891, 1, 1, 158, 15, 84, 0, 158, 0, 20, 8, 14, '2018-01-19 13:30:00', NULL),
	(892, 1, 1, 90, 14, 59, 0, 90, 0, 19, 5, 13, '2018-01-19 14:00:00', NULL),
	(893, 1, 1, 156, 15, 96, 0, 156, 0, 17, 4, 12, '2018-01-19 14:30:00', NULL),
	(894, 1, 1, 144, 14, 103, 0, 144, 0, 21, 2, 11, '2018-01-19 15:00:00', NULL),
	(895, 1, 1, 165, 16, 34, 0, 165, 0, 20, 5, 16, '2018-01-19 15:30:00', NULL),
	(896, 1, 1, 93, 14, 85, 0, 93, 0, 17, 6, 8, '2018-01-19 16:00:00', NULL),
	(897, 1, 1, 137, 21, 84, 0, 137, 0, 15, 6, 13, '2018-01-19 16:30:00', NULL),
	(898, 1, 1, 155, 16, 90, 0, 155, 0, 14, 10, 9, '2018-01-19 17:00:00', NULL),
	(899, 1, 1, 90, 15, 22, 0, 90, 0, 16, 3, 9, '2018-01-19 17:30:00', NULL),
	(900, 1, 1, 174, 17, 83, 0, 174, 0, 15, 10, 14, '2018-01-19 18:00:00', NULL),
	(901, 1, 1, 154, 14, 101, 0, 154, 0, 18, 6, 15, '2018-01-19 18:30:00', NULL),
	(902, 1, 1, 137, 15, 58, 0, 137, 0, 14, 2, 9, '2018-01-19 19:00:00', NULL),
	(903, 1, 1, 138, 16, 64, 0, 138, 0, 18, 4, 16, '2018-01-19 19:30:00', NULL),
	(904, 1, 1, 166, 20, 106, 0, 166, 0, 14, 7, 14, '2018-01-19 20:00:00', NULL),
	(905, 1, 1, 80, 18, 31, 0, 80, 0, 14, 6, 16, '2018-01-19 20:30:00', NULL),
	(906, 1, 1, 140, 19, 105, 0, 140, 0, 21, 11, 9, '2018-01-19 21:00:00', NULL),
	(907, 1, 1, 165, 17, 62, 0, 165, 0, 21, 9, 10, '2018-01-19 21:30:00', NULL),
	(908, 1, 1, 77, 15, 82, 0, 77, 0, 17, 9, 17, '2018-01-19 22:00:00', NULL),
	(909, 1, 1, 116, 19, 34, 0, 116, 0, 14, 7, 9, '2018-01-19 22:30:00', NULL),
	(910, 1, 1, 100, 17, 90, 0, 100, 0, 20, 8, 15, '2018-01-19 23:00:00', NULL),
	(911, 1, 1, 171, 21, 81, 0, 171, 0, 14, 4, 7, '2018-01-19 23:30:00', NULL),
	(912, 1, 1, 94, 21, 50, 0, 94, 0, 16, 11, 17, '2018-01-20 00:00:00', NULL),
	(913, 1, 1, 126, 20, 47, 0, 126, 0, 20, 10, 8, '2018-01-20 00:30:00', NULL),
	(914, 1, 1, 93, 20, 35, 0, 93, 0, 17, 10, 17, '2018-01-20 01:00:00', NULL),
	(915, 1, 1, 156, 14, 53, 0, 156, 0, 20, 7, 14, '2018-01-20 01:30:00', NULL),
	(916, 1, 1, 162, 20, 97, 0, 162, 0, 14, 3, 17, '2018-01-20 02:00:00', NULL),
	(917, 1, 1, 94, 14, 40, 0, 94, 0, 18, 9, 9, '2018-01-20 02:30:00', NULL),
	(918, 1, 1, 142, 15, 95, 0, 142, 0, 21, 5, 10, '2018-01-20 03:00:00', NULL),
	(919, 1, 1, 104, 20, 64, 0, 104, 0, 17, 7, 10, '2018-01-20 03:30:00', NULL),
	(920, 1, 1, 117, 16, 86, 0, 117, 0, 21, 4, 10, '2018-01-20 04:00:00', NULL),
	(921, 1, 1, 128, 20, 84, 0, 128, 0, 21, 8, 7, '2018-01-20 04:30:00', NULL),
	(922, 1, 1, 93, 16, 90, 0, 93, 0, 21, 6, 13, '2018-01-20 05:00:00', NULL),
	(923, 1, 1, 110, 19, 72, 0, 110, 0, 17, 3, 8, '2018-01-20 05:30:00', NULL),
	(924, 1, 1, 165, 21, 87, 0, 165, 0, 18, 6, 8, '2018-01-20 06:00:00', NULL),
	(925, 1, 1, 137, 15, 50, 0, 137, 0, 18, 9, 17, '2018-01-20 06:30:00', NULL),
	(926, 1, 1, 111, 15, 98, 0, 111, 0, 20, 7, 12, '2018-01-20 07:00:00', NULL),
	(927, 1, 1, 131, 16, 93, 0, 131, 0, 15, 3, 7, '2018-01-20 07:30:00', NULL),
	(928, 1, 1, 115, 15, 108, 0, 115, 0, 16, 5, 7, '2018-01-20 08:00:00', NULL),
	(929, 1, 1, 142, 16, 76, 0, 142, 0, 14, 9, 9, '2018-01-20 08:30:00', NULL),
	(930, 1, 1, 129, 21, 54, 0, 129, 0, 17, 2, 16, '2018-01-20 09:00:00', NULL),
	(931, 1, 1, 150, 21, 102, 0, 150, 0, 21, 3, 17, '2018-01-20 09:30:00', NULL),
	(932, 1, 1, 100, 18, 57, 0, 100, 0, 16, 11, 9, '2018-01-20 10:00:00', NULL),
	(933, 1, 1, 173, 16, 26, 0, 173, 0, 16, 5, 8, '2018-01-20 10:30:00', NULL),
	(934, 1, 1, 83, 16, 65, 0, 83, 0, 15, 6, 10, '2018-01-20 11:00:00', NULL),
	(935, 1, 1, 133, 21, 50, 0, 133, 0, 17, 6, 13, '2018-01-20 11:30:00', NULL),
	(936, 1, 1, 162, 18, 59, 0, 162, 0, 21, 8, 10, '2018-01-20 12:00:00', NULL),
	(937, 1, 1, 158, 19, 107, 0, 158, 0, 20, 9, 11, '2018-01-20 12:30:00', NULL),
	(938, 1, 1, 116, 21, 67, 0, 116, 0, 14, 10, 17, '2018-01-20 13:00:00', NULL),
	(939, 1, 1, 168, 21, 41, 0, 168, 0, 20, 4, 15, '2018-01-20 13:30:00', NULL),
	(940, 1, 1, 119, 21, 37, 0, 119, 0, 21, 2, 11, '2018-01-20 14:00:00', NULL),
	(941, 1, 1, 75, 18, 25, 0, 75, 0, 21, 2, 12, '2018-01-20 14:30:00', NULL),
	(942, 1, 1, 152, 17, 93, 0, 152, 0, 20, 3, 10, '2018-01-20 15:00:00', NULL),
	(943, 1, 1, 174, 16, 21, 0, 174, 0, 18, 3, 15, '2018-01-20 15:30:00', NULL),
	(944, 1, 1, 89, 21, 84, 0, 89, 0, 14, 2, 7, '2018-01-20 16:00:00', NULL),
	(945, 1, 1, 175, 17, 82, 0, 175, 0, 18, 6, 16, '2018-01-20 16:30:00', NULL),
	(946, 1, 1, 145, 19, 28, 0, 145, 0, 19, 2, 14, '2018-01-20 17:00:00', NULL),
	(947, 1, 1, 139, 14, 20, 0, 139, 0, 14, 7, 13, '2018-01-20 17:30:00', NULL),
	(948, 1, 1, 169, 18, 58, 0, 169, 0, 20, 7, 14, '2018-01-20 18:00:00', NULL),
	(949, 1, 1, 100, 14, 86, 0, 100, 0, 16, 11, 13, '2018-01-20 18:30:00', NULL),
	(950, 1, 1, 143, 14, 54, 0, 143, 0, 18, 9, 8, '2018-01-20 19:00:00', NULL),
	(951, 1, 1, 141, 20, 101, 0, 141, 0, 17, 10, 16, '2018-01-20 19:30:00', NULL),
	(952, 1, 1, 118, 21, 74, 0, 118, 0, 15, 11, 11, '2018-01-20 20:00:00', NULL),
	(953, 1, 1, 114, 16, 28, 0, 114, 0, 16, 9, 11, '2018-01-20 20:30:00', NULL),
	(954, 1, 1, 98, 17, 71, 0, 98, 0, 21, 11, 7, '2018-01-20 21:00:00', NULL),
	(955, 1, 1, 120, 14, 64, 0, 120, 0, 18, 10, 11, '2018-01-20 21:30:00', NULL),
	(956, 1, 1, 120, 19, 82, 0, 120, 0, 19, 4, 12, '2018-01-20 22:00:00', NULL),
	(957, 1, 1, 122, 14, 36, 0, 122, 0, 19, 2, 11, '2018-01-20 22:30:00', NULL),
	(958, 1, 1, 97, 21, 70, 0, 97, 0, 16, 10, 13, '2018-01-20 23:00:00', NULL),
	(959, 1, 1, 87, 21, 81, 0, 87, 0, 14, 7, 17, '2018-01-20 23:30:00', NULL),
	(960, 1, 1, 161, 16, 22, 0, 161, 0, 20, 6, 9, '2018-01-21 00:00:00', NULL),
	(961, 1, 1, 134, 18, 44, 0, 134, 0, 19, 5, 11, '2018-01-21 00:30:00', NULL),
	(962, 1, 1, 164, 16, 85, 0, 164, 0, 16, 7, 9, '2018-01-21 01:00:00', NULL),
	(963, 1, 1, 118, 21, 31, 0, 118, 0, 20, 4, 11, '2018-01-21 01:30:00', NULL),
	(964, 1, 1, 164, 16, 106, 0, 164, 0, 20, 7, 9, '2018-01-21 02:00:00', NULL),
	(965, 1, 1, 76, 16, 109, 0, 76, 0, 14, 9, 7, '2018-01-21 02:30:00', NULL),
	(966, 1, 1, 168, 20, 40, 0, 168, 0, 15, 3, 7, '2018-01-21 03:00:00', NULL),
	(967, 1, 1, 159, 20, 67, 0, 159, 0, 19, 11, 16, '2018-01-21 03:30:00', NULL),
	(968, 1, 1, 125, 14, 77, 0, 125, 0, 19, 5, 7, '2018-01-21 04:00:00', NULL),
	(969, 1, 1, 173, 18, 22, 0, 173, 0, 20, 6, 10, '2018-01-21 04:30:00', NULL),
	(970, 1, 1, 158, 18, 42, 0, 158, 0, 21, 8, 9, '2018-01-21 05:00:00', NULL),
	(971, 1, 1, 128, 21, 84, 0, 128, 0, 19, 8, 10, '2018-01-21 05:30:00', NULL),
	(972, 1, 1, 164, 18, 73, 0, 164, 0, 14, 3, 12, '2018-01-21 06:00:00', NULL),
	(973, 1, 1, 128, 16, 77, 0, 128, 0, 21, 4, 11, '2018-01-21 06:30:00', NULL),
	(974, 1, 1, 162, 16, 70, 0, 162, 0, 18, 6, 9, '2018-01-21 07:00:00', NULL),
	(975, 1, 1, 105, 20, 77, 0, 105, 0, 14, 5, 14, '2018-01-21 07:30:00', NULL),
	(976, 1, 1, 100, 21, 97, 0, 100, 0, 15, 6, 14, '2018-01-21 08:00:00', NULL),
	(977, 1, 1, 101, 18, 57, 0, 101, 0, 14, 3, 15, '2018-01-21 08:30:00', NULL),
	(978, 1, 1, 164, 15, 23, 0, 164, 0, 14, 3, 11, '2018-01-21 09:00:00', NULL),
	(979, 1, 1, 93, 16, 77, 0, 93, 0, 17, 5, 16, '2018-01-21 09:30:00', NULL),
	(980, 1, 1, 171, 16, 102, 0, 171, 0, 21, 2, 13, '2018-01-21 10:00:00', NULL),
	(981, 1, 1, 80, 17, 70, 0, 80, 0, 19, 4, 16, '2018-01-21 10:30:00', NULL),
	(982, 1, 1, 97, 14, 58, 0, 97, 0, 16, 10, 17, '2018-01-21 11:00:00', NULL),
	(983, 1, 1, 137, 18, 103, 0, 137, 0, 14, 5, 14, '2018-01-21 11:30:00', NULL),
	(984, 1, 1, 118, 19, 84, 0, 118, 0, 18, 2, 11, '2018-01-21 12:00:00', NULL),
	(985, 1, 1, 136, 14, 61, 0, 136, 0, 14, 5, 12, '2018-01-21 12:30:00', NULL),
	(986, 1, 1, 139, 20, 88, 0, 139, 0, 17, 7, 13, '2018-01-21 13:00:00', NULL),
	(987, 1, 1, 113, 21, 32, 0, 113, 0, 15, 6, 11, '2018-01-21 13:30:00', NULL),
	(988, 1, 1, 112, 16, 86, 0, 112, 0, 14, 2, 12, '2018-01-21 14:00:00', NULL),
	(989, 1, 1, 132, 19, 98, 0, 132, 0, 18, 8, 15, '2018-01-21 14:30:00', NULL),
	(990, 1, 1, 90, 16, 54, 0, 90, 0, 15, 6, 9, '2018-01-21 15:00:00', NULL),
	(991, 1, 1, 152, 21, 39, 0, 152, 0, 19, 8, 15, '2018-01-21 15:30:00', NULL),
	(992, 1, 1, 142, 16, 20, 0, 142, 0, 14, 4, 10, '2018-01-21 16:00:00', NULL),
	(993, 1, 1, 160, 16, 86, 0, 160, 0, 21, 2, 16, '2018-01-21 16:30:00', NULL),
	(994, 1, 1, 92, 21, 51, 0, 92, 0, 17, 6, 15, '2018-01-21 17:00:00', NULL),
	(995, 1, 1, 163, 21, 94, 0, 163, 0, 15, 5, 11, '2018-01-21 17:30:00', NULL),
	(996, 1, 1, 153, 14, 24, 0, 153, 0, 16, 11, 8, '2018-01-21 18:00:00', NULL),
	(997, 1, 1, 124, 17, 24, 0, 124, 0, 15, 10, 17, '2018-01-21 18:30:00', NULL),
	(998, 1, 1, 111, 19, 25, 0, 111, 0, 15, 9, 17, '2018-01-21 19:00:00', NULL),
	(999, 1, 1, 159, 18, 39, 0, 159, 0, 20, 5, 8, '2018-01-21 19:30:00', NULL),
	(1000, 1, 1, 133, 17, 25, 0, 133, 0, 19, 9, 11, '2018-01-21 20:00:00', NULL),
	(1001, 1, 1, 173, 20, 42, 0, 173, 0, 20, 11, 10, '2018-01-21 20:30:00', NULL),
	(1002, 1, 1, 131, 15, 47, 0, 131, 0, 14, 9, 7, '2018-01-21 21:00:00', NULL),
	(1003, 1, 1, 93, 17, 73, 0, 93, 0, 15, 5, 10, '2018-01-21 21:30:00', NULL),
	(1004, 1, 1, 79, 16, 31, 0, 79, 0, 18, 8, 11, '2018-01-21 22:00:00', NULL),
	(1005, 1, 1, 104, 20, 90, 0, 104, 0, 16, 2, 9, '2018-01-21 22:30:00', NULL),
	(1006, 1, 1, 120, 15, 93, 0, 120, 0, 21, 9, 17, '2018-01-21 23:00:00', NULL),
	(1007, 1, 1, 174, 17, 37, 0, 174, 0, 17, 3, 12, '2018-01-21 23:30:00', NULL),
	(1008, 1, 1, 91, 18, 35, 0, 91, 0, 15, 11, 10, '2018-01-22 00:00:00', NULL),
	(1009, 1, 1, 91, 16, 72, 0, 91, 0, 19, 3, 7, '2018-01-22 00:30:00', NULL),
	(1010, 1, 1, 99, 18, 46, 0, 99, 0, 19, 4, 14, '2018-01-22 01:00:00', NULL),
	(1011, 1, 1, 114, 17, 67, 0, 114, 0, 14, 8, 17, '2018-01-22 01:30:00', NULL),
	(1012, 1, 1, 137, 18, 28, 0, 137, 0, 19, 6, 17, '2018-01-22 02:00:00', NULL),
	(1013, 1, 1, 148, 15, 109, 0, 148, 0, 21, 4, 10, '2018-01-22 02:30:00', NULL),
	(1014, 1, 1, 106, 19, 77, 0, 106, 0, 21, 5, 15, '2018-01-22 03:00:00', NULL),
	(1015, 1, 1, 156, 17, 71, 0, 156, 0, 16, 6, 9, '2018-01-22 03:30:00', NULL),
	(1016, 1, 1, 89, 20, 107, 0, 89, 0, 18, 2, 7, '2018-01-22 04:00:00', NULL),
	(1017, 1, 1, 128, 18, 101, 0, 128, 0, 19, 2, 16, '2018-01-22 04:30:00', NULL),
	(1018, 1, 1, 86, 19, 69, 0, 86, 0, 21, 2, 16, '2018-01-22 05:00:00', NULL),
	(1019, 1, 1, 173, 21, 29, 0, 173, 0, 14, 8, 16, '2018-01-22 05:30:00', NULL),
	(1020, 1, 1, 99, 18, 58, 0, 99, 0, 21, 2, 17, '2018-01-22 06:00:00', NULL),
	(1021, 1, 1, 156, 16, 46, 0, 156, 0, 20, 2, 9, '2018-01-22 06:30:00', NULL),
	(1022, 1, 1, 83, 21, 93, 0, 83, 0, 17, 3, 7, '2018-01-22 07:00:00', NULL),
	(1023, 1, 1, 122, 19, 28, 0, 122, 0, 16, 7, 13, '2018-01-22 07:30:00', NULL),
	(1024, 1, 1, 129, 19, 35, 0, 129, 0, 18, 6, 14, '2018-01-22 08:00:00', NULL),
	(1025, 1, 1, 139, 16, 41, 0, 139, 0, 16, 3, 14, '2018-01-22 08:30:00', NULL),
	(1026, 1, 1, 125, 17, 81, 0, 125, 0, 20, 8, 17, '2018-01-22 09:00:00', NULL),
	(1027, 1, 1, 136, 17, 66, 0, 136, 0, 19, 11, 8, '2018-01-22 09:30:00', NULL),
	(1028, 1, 1, 150, 21, 68, 0, 150, 0, 21, 2, 8, '2018-01-22 10:00:00', NULL),
	(1029, 1, 1, 175, 20, 55, 0, 175, 0, 21, 2, 11, '2018-01-22 10:30:00', NULL),
	(1030, 1, 1, 147, 18, 101, 0, 147, 0, 21, 7, 17, '2018-01-22 11:00:00', NULL),
	(1031, 1, 1, 98, 18, 83, 0, 98, 0, 19, 9, 11, '2018-01-22 11:30:00', NULL),
	(1032, 1, 1, 160, 21, 92, 0, 160, 0, 15, 6, 7, '2018-01-22 12:00:00', NULL),
	(1033, 1, 1, 152, 16, 43, 0, 152, 0, 18, 7, 11, '2018-01-22 12:30:00', NULL),
	(1034, 1, 1, 149, 20, 86, 0, 149, 0, 14, 2, 7, '2018-01-22 13:00:00', NULL),
	(1035, 1, 1, 117, 15, 95, 0, 117, 0, 19, 6, 10, '2018-01-22 13:30:00', NULL),
	(1036, 1, 1, 84, 17, 22, 0, 84, 0, 18, 6, 13, '2018-01-22 14:00:00', NULL),
	(1037, 1, 1, 124, 18, 31, 0, 124, 0, 20, 5, 11, '2018-01-22 14:30:00', NULL),
	(1038, 1, 1, 125, 21, 62, 0, 125, 0, 17, 2, 15, '2018-01-22 15:00:00', NULL),
	(1039, 1, 1, 143, 18, 91, 0, 143, 0, 21, 7, 17, '2018-01-22 15:30:00', NULL),
	(1040, 1, 1, 157, 14, 25, 0, 157, 0, 15, 6, 11, '2018-01-22 16:00:00', NULL),
	(1041, 1, 1, 172, 19, 71, 0, 172, 0, 19, 5, 9, '2018-01-22 16:30:00', NULL),
	(1042, 1, 1, 173, 19, 24, 0, 173, 0, 17, 3, 11, '2018-01-22 17:00:00', NULL),
	(1043, 1, 1, 105, 20, 25, 0, 105, 0, 20, 8, 15, '2018-01-22 17:30:00', NULL),
	(1044, 1, 1, 170, 19, 25, 0, 170, 0, 15, 3, 12, '2018-01-22 18:00:00', NULL),
	(1045, 1, 1, 173, 16, 39, 0, 173, 0, 21, 2, 12, '2018-01-22 18:30:00', NULL),
	(1046, 1, 1, 77, 16, 57, 0, 77, 0, 19, 3, 17, '2018-01-22 19:00:00', NULL),
	(1047, 1, 1, 119, 18, 105, 0, 119, 0, 14, 9, 17, '2018-01-22 19:30:00', NULL),
	(1048, 1, 1, 82, 17, 102, 0, 82, 0, 14, 5, 13, '2018-01-22 20:00:00', NULL),
	(1049, 1, 1, 152, 15, 35, 0, 152, 0, 14, 4, 17, '2018-01-22 20:30:00', NULL),
	(1050, 1, 1, 175, 19, 50, 0, 175, 0, 14, 6, 13, '2018-01-22 21:00:00', NULL),
	(1051, 1, 1, 151, 16, 99, 0, 151, 0, 18, 4, 11, '2018-01-22 21:30:00', NULL),
	(1052, 1, 1, 119, 15, 20, 0, 119, 0, 18, 2, 12, '2018-01-22 22:00:00', NULL),
	(1053, 1, 1, 142, 17, 57, 0, 142, 0, 14, 5, 17, '2018-01-22 22:30:00', NULL),
	(1054, 1, 1, 160, 21, 55, 0, 160, 0, 18, 3, 11, '2018-01-22 23:00:00', NULL),
	(1055, 1, 1, 116, 19, 108, 0, 116, 0, 20, 8, 8, '2018-01-22 23:30:00', NULL),
	(1056, 1, 1, 95, 18, 102, 0, 95, 0, 16, 10, 12, '2018-01-23 00:00:00', NULL),
	(1057, 1, 1, 172, 15, 37, 0, 172, 0, 17, 6, 12, '2018-01-23 00:30:00', NULL),
	(1058, 1, 1, 109, 14, 99, 0, 109, 0, 18, 11, 8, '2018-01-23 01:00:00', NULL),
	(1059, 1, 1, 90, 15, 93, 0, 90, 0, 17, 8, 8, '2018-01-23 01:30:00', NULL),
	(1060, 1, 1, 77, 20, 47, 0, 77, 0, 17, 7, 7, '2018-01-23 02:00:00', NULL),
	(1061, 1, 1, 172, 19, 38, 0, 172, 0, 15, 11, 10, '2018-01-23 02:30:00', NULL),
	(1062, 1, 1, 97, 19, 23, 0, 97, 0, 16, 7, 10, '2018-01-23 03:00:00', NULL),
	(1063, 1, 1, 77, 21, 83, 0, 77, 0, 16, 8, 10, '2018-01-23 03:30:00', NULL),
	(1064, 1, 1, 130, 21, 108, 0, 130, 0, 16, 8, 10, '2018-01-23 04:00:00', NULL),
	(1065, 1, 1, 165, 15, 29, 0, 165, 0, 17, 3, 9, '2018-01-23 04:30:00', NULL),
	(1066, 1, 1, 152, 18, 104, 0, 152, 0, 20, 10, 7, '2018-01-23 05:00:00', NULL),
	(1067, 1, 1, 157, 14, 41, 0, 157, 0, 18, 10, 14, '2018-01-23 05:30:00', NULL),
	(1068, 1, 1, 175, 18, 54, 0, 175, 0, 19, 6, 9, '2018-01-23 06:00:00', NULL),
	(1069, 1, 1, 113, 20, 96, 0, 113, 0, 16, 5, 12, '2018-01-23 06:30:00', NULL),
	(1070, 1, 1, 93, 18, 102, 0, 93, 0, 16, 2, 11, '2018-01-23 07:00:00', NULL),
	(1071, 1, 1, 165, 21, 42, 0, 165, 0, 17, 3, 17, '2018-01-23 07:30:00', NULL),
	(1072, 1, 1, 136, 20, 110, 0, 136, 0, 16, 4, 17, '2018-01-23 08:00:00', NULL),
	(1073, 1, 1, 99, 19, 67, 0, 99, 0, 19, 4, 10, '2018-01-23 08:30:00', NULL),
	(1074, 1, 1, 114, 14, 49, 0, 114, 0, 18, 7, 13, '2018-01-23 09:00:00', NULL),
	(1075, 1, 1, 119, 17, 82, 0, 119, 0, 19, 2, 12, '2018-01-23 09:30:00', NULL),
	(1076, 1, 1, 132, 21, 65, 0, 132, 0, 20, 5, 9, '2018-01-23 10:00:00', NULL),
	(1077, 1, 1, 122, 20, 100, 0, 122, 0, 15, 2, 7, '2018-01-23 10:30:00', NULL),
	(1078, 1, 1, 121, 15, 85, 0, 121, 0, 19, 8, 7, '2018-01-23 11:00:00', NULL),
	(1079, 1, 1, 121, 19, 68, 0, 121, 0, 19, 9, 10, '2018-01-23 11:30:00', NULL),
	(1080, 1, 1, 102, 14, 82, 0, 102, 0, 15, 6, 17, '2018-01-23 12:00:00', NULL),
	(1081, 1, 1, 161, 19, 94, 0, 161, 0, 19, 8, 15, '2018-01-23 12:30:00', NULL),
	(1082, 1, 1, 132, 14, 86, 0, 132, 0, 16, 4, 15, '2018-01-23 13:00:00', NULL),
	(1083, 1, 1, 166, 14, 110, 0, 166, 0, 16, 5, 16, '2018-01-23 13:30:00', NULL),
	(1084, 1, 1, 156, 18, 92, 0, 156, 0, 18, 7, 17, '2018-01-23 14:00:00', NULL),
	(1085, 1, 1, 84, 19, 39, 0, 84, 0, 20, 3, 12, '2018-01-23 14:30:00', NULL),
	(1086, 1, 1, 89, 15, 81, 0, 89, 0, 20, 10, 14, '2018-01-23 15:00:00', NULL),
	(1087, 1, 1, 166, 21, 59, 0, 166, 0, 17, 7, 12, '2018-01-23 15:30:00', NULL),
	(1088, 1, 1, 105, 21, 96, 0, 105, 0, 16, 3, 14, '2018-01-23 16:00:00', NULL),
	(1089, 1, 1, 110, 21, 53, 0, 110, 0, 15, 9, 12, '2018-01-23 16:30:00', NULL),
	(1090, 1, 1, 106, 14, 96, 0, 106, 0, 16, 10, 10, '2018-01-23 17:00:00', NULL),
	(1091, 1, 1, 152, 17, 26, 0, 152, 0, 15, 8, 10, '2018-01-23 17:30:00', NULL),
	(1092, 1, 1, 94, 21, 63, 0, 94, 0, 19, 3, 13, '2018-01-23 18:00:00', NULL),
	(1093, 1, 1, 137, 16, 102, 0, 137, 0, 17, 5, 16, '2018-01-23 18:30:00', NULL),
	(1094, 1, 1, 99, 18, 52, 0, 99, 0, 21, 11, 8, '2018-01-23 19:00:00', NULL),
	(1095, 1, 1, 169, 14, 35, 0, 169, 0, 17, 7, 16, '2018-01-23 19:30:00', NULL),
	(1096, 1, 1, 96, 16, 53, 0, 96, 0, 21, 10, 7, '2018-01-23 20:00:00', NULL),
	(1097, 1, 1, 160, 18, 34, 0, 160, 0, 17, 9, 12, '2018-01-23 20:30:00', NULL),
	(1098, 1, 1, 80, 17, 37, 0, 80, 0, 17, 7, 16, '2018-01-23 21:00:00', NULL),
	(1099, 1, 1, 77, 21, 24, 0, 77, 0, 18, 6, 16, '2018-01-23 21:30:00', NULL),
	(1100, 1, 1, 94, 21, 26, 0, 94, 0, 15, 8, 17, '2018-01-23 22:00:00', NULL),
	(1101, 1, 1, 117, 20, 108, 0, 117, 0, 16, 6, 16, '2018-01-23 22:30:00', NULL),
	(1102, 1, 1, 123, 17, 23, 0, 123, 0, 18, 9, 7, '2018-01-23 23:00:00', NULL),
	(1103, 1, 1, 160, 14, 52, 0, 160, 0, 15, 2, 12, '2018-01-23 23:30:00', NULL),
	(1104, 1, 1, 170, 19, 65, 0, 170, 0, 17, 9, 10, '2018-01-24 00:00:00', NULL),
	(1105, 1, 1, 80, 19, 97, 0, 80, 0, 20, 7, 15, '2018-01-24 00:30:00', NULL),
	(1106, 1, 1, 133, 17, 64, 0, 133, 0, 21, 10, 14, '2018-01-24 01:00:00', NULL),
	(1107, 1, 1, 120, 18, 20, 0, 120, 0, 16, 11, 14, '2018-01-24 01:30:00', NULL),
	(1108, 1, 1, 121, 19, 33, 0, 121, 0, 18, 7, 15, '2018-01-24 02:00:00', NULL),
	(1109, 1, 1, 91, 21, 42, 0, 91, 0, 16, 10, 7, '2018-01-24 02:30:00', NULL),
	(1110, 1, 1, 158, 16, 74, 0, 158, 0, 14, 4, 17, '2018-01-24 03:00:00', NULL),
	(1111, 1, 1, 115, 17, 50, 0, 115, 0, 18, 8, 15, '2018-01-24 03:30:00', NULL),
	(1112, 1, 1, 154, 14, 27, 0, 154, 0, 17, 11, 8, '2018-01-24 04:00:00', NULL),
	(1113, 1, 1, 142, 15, 77, 0, 142, 0, 19, 2, 12, '2018-01-24 04:30:00', NULL),
	(1114, 1, 1, 85, 15, 44, 0, 85, 0, 19, 7, 12, '2018-01-24 05:00:00', NULL),
	(1115, 1, 1, 75, 15, 51, 0, 75, 0, 19, 10, 15, '2018-01-24 05:30:00', NULL),
	(1116, 1, 1, 105, 19, 35, 0, 105, 0, 21, 3, 10, '2018-01-24 06:00:00', NULL),
	(1117, 1, 1, 86, 16, 37, 0, 86, 0, 20, 10, 8, '2018-01-24 06:30:00', NULL),
	(1118, 1, 1, 120, 18, 86, 0, 120, 0, 15, 4, 9, '2018-01-24 07:00:00', NULL),
	(1119, 1, 1, 145, 21, 43, 0, 145, 0, 16, 5, 8, '2018-01-24 07:30:00', NULL),
	(1120, 1, 1, 97, 17, 70, 0, 97, 0, 18, 10, 15, '2018-01-24 08:00:00', NULL),
	(1121, 1, 1, 164, 21, 98, 0, 164, 0, 20, 6, 9, '2018-01-24 08:30:00', NULL),
	(1122, 1, 1, 90, 17, 95, 0, 90, 0, 19, 9, 14, '2018-01-24 09:00:00', NULL),
	(1123, 1, 1, 115, 19, 93, 0, 115, 0, 16, 2, 8, '2018-01-24 09:30:00', NULL),
	(1124, 1, 1, 164, 19, 108, 0, 164, 0, 18, 9, 14, '2018-01-24 10:00:00', NULL),
	(1125, 1, 1, 148, 17, 48, 0, 148, 0, 17, 2, 8, '2018-01-24 10:30:00', NULL),
	(1126, 1, 1, 90, 20, 38, 0, 90, 0, 16, 10, 12, '2018-01-24 11:00:00', NULL),
	(1127, 1, 1, 91, 20, 39, 0, 91, 0, 14, 8, 10, '2018-01-24 11:30:00', NULL),
	(1128, 1, 1, 160, 14, 108, 0, 160, 0, 21, 7, 9, '2018-01-24 12:00:00', NULL),
	(1129, 1, 1, 105, 15, 107, 0, 105, 0, 20, 5, 14, '2018-01-24 12:30:00', NULL),
	(1130, 1, 1, 125, 15, 99, 0, 125, 0, 14, 5, 17, '2018-01-24 13:00:00', NULL),
	(1131, 1, 1, 111, 19, 106, 0, 111, 0, 16, 7, 10, '2018-01-24 13:30:00', NULL),
	(1132, 1, 1, 143, 18, 90, 0, 143, 0, 19, 9, 10, '2018-01-24 14:00:00', NULL),
	(1133, 1, 1, 77, 16, 76, 0, 77, 0, 19, 3, 12, '2018-01-24 14:30:00', NULL),
	(1134, 1, 1, 165, 17, 105, 0, 165, 0, 16, 4, 17, '2018-01-24 15:00:00', NULL),
	(1135, 1, 1, 122, 15, 68, 0, 122, 0, 18, 2, 8, '2018-01-24 15:30:00', NULL),
	(1136, 1, 1, 170, 15, 72, 0, 170, 0, 21, 9, 17, '2018-01-24 16:00:00', NULL),
	(1137, 1, 1, 83, 21, 96, 0, 83, 0, 20, 11, 15, '2018-01-24 16:30:00', NULL),
	(1138, 1, 1, 146, 16, 90, 0, 146, 0, 20, 8, 10, '2018-01-24 17:00:00', NULL),
	(1139, 1, 1, 174, 20, 83, 0, 174, 0, 17, 10, 11, '2018-01-24 17:30:00', NULL),
	(1140, 1, 1, 115, 18, 20, 0, 115, 0, 21, 8, 15, '2018-01-24 18:00:00', NULL),
	(1141, 1, 1, 133, 21, 85, 0, 133, 0, 15, 2, 11, '2018-01-24 18:30:00', NULL),
	(1142, 1, 1, 140, 21, 86, 0, 140, 0, 15, 10, 7, '2018-01-24 19:00:00', NULL),
	(1143, 1, 1, 138, 15, 59, 0, 138, 0, 20, 4, 11, '2018-01-24 19:30:00', NULL),
	(1144, 1, 1, 160, 15, 105, 0, 160, 0, 18, 4, 13, '2018-01-24 20:00:00', NULL),
	(1145, 1, 1, 97, 19, 110, 0, 97, 0, 14, 2, 12, '2018-01-24 20:30:00', NULL),
	(1146, 1, 1, 116, 19, 83, 0, 116, 0, 17, 8, 8, '2018-01-24 21:00:00', NULL),
	(1147, 1, 1, 129, 17, 59, 0, 129, 0, 21, 5, 9, '2018-01-24 21:30:00', NULL),
	(1148, 1, 1, 90, 19, 37, 0, 90, 0, 20, 5, 16, '2018-01-24 22:00:00', NULL),
	(1149, 1, 1, 147, 15, 105, 0, 147, 0, 20, 11, 12, '2018-01-24 22:30:00', NULL),
	(1150, 1, 1, 93, 18, 44, 0, 93, 0, 14, 2, 8, '2018-01-24 23:00:00', NULL),
	(1151, 1, 1, 159, 20, 91, 0, 159, 0, 19, 3, 14, '2018-01-24 23:30:00', NULL),
	(1152, 1, 1, 121, 19, 49, 0, 121, 0, 19, 5, 14, '2018-01-25 00:00:00', NULL),
	(1153, 1, 1, 142, 19, 100, 0, 142, 0, 20, 10, 7, '2018-01-25 00:30:00', NULL),
	(1154, 1, 1, 173, 20, 95, 0, 173, 0, 21, 4, 10, '2018-01-25 01:00:00', NULL),
	(1155, 1, 1, 113, 17, 84, 0, 113, 0, 17, 3, 10, '2018-01-25 01:30:00', NULL),
	(1156, 1, 1, 85, 15, 85, 0, 85, 0, 18, 11, 17, '2018-01-25 02:00:00', NULL),
	(1157, 1, 1, 97, 16, 41, 0, 97, 0, 16, 11, 7, '2018-01-25 02:30:00', NULL),
	(1158, 1, 1, 128, 15, 37, 0, 128, 0, 21, 9, 14, '2018-01-25 03:00:00', NULL),
	(1159, 1, 1, 146, 15, 82, 0, 146, 0, 19, 2, 7, '2018-01-25 03:30:00', NULL),
	(1160, 1, 1, 114, 16, 90, 0, 114, 0, 19, 5, 16, '2018-01-25 04:00:00', NULL),
	(1161, 1, 1, 97, 18, 73, 0, 97, 0, 17, 6, 13, '2018-01-25 04:30:00', NULL),
	(1162, 1, 1, 96, 21, 50, 0, 96, 0, 20, 4, 8, '2018-01-25 05:00:00', NULL),
	(1163, 1, 1, 93, 15, 65, 0, 93, 0, 20, 4, 16, '2018-01-25 05:30:00', NULL),
	(1164, 1, 1, 76, 21, 47, 0, 76, 0, 18, 5, 13, '2018-01-25 06:00:00', NULL),
	(1165, 1, 1, 163, 15, 22, 0, 163, 0, 16, 4, 16, '2018-01-25 06:30:00', NULL),
	(1166, 1, 1, 154, 21, 33, 0, 154, 0, 20, 11, 13, '2018-01-25 07:00:00', NULL),
	(1167, 1, 1, 160, 20, 49, 0, 160, 0, 16, 7, 10, '2018-01-25 07:30:00', NULL),
	(1168, 1, 1, 112, 20, 99, 0, 112, 0, 17, 4, 7, '2018-01-25 08:00:00', NULL),
	(1169, 1, 1, 165, 15, 36, 0, 165, 0, 18, 9, 17, '2018-01-25 08:30:00', NULL),
	(1170, 1, 1, 106, 17, 95, 0, 106, 0, 16, 3, 14, '2018-01-25 09:00:00', NULL),
	(1171, 1, 1, 160, 16, 46, 0, 160, 0, 14, 4, 17, '2018-01-25 09:30:00', NULL),
	(1172, 1, 1, 140, 15, 38, 0, 140, 0, 14, 11, 7, '2018-01-25 10:00:00', NULL),
	(1173, 1, 1, 152, 18, 84, 0, 152, 0, 16, 2, 9, '2018-01-25 10:30:00', NULL),
	(1174, 1, 1, 126, 16, 104, 0, 126, 0, 15, 11, 12, '2018-01-25 11:00:00', NULL),
	(1175, 1, 1, 123, 17, 77, 0, 123, 0, 19, 4, 8, '2018-01-25 11:30:00', NULL),
	(1176, 1, 1, 139, 15, 77, 0, 139, 0, 21, 7, 12, '2018-01-25 12:00:00', NULL),
	(1177, 1, 1, 137, 19, 99, 0, 137, 0, 16, 5, 12, '2018-01-25 12:30:00', NULL),
	(1178, 1, 1, 94, 20, 110, 0, 94, 0, 16, 3, 16, '2018-01-25 13:00:00', NULL),
	(1179, 1, 1, 101, 20, 87, 0, 101, 0, 20, 5, 10, '2018-01-25 13:30:00', NULL),
	(1180, 1, 1, 138, 17, 94, 0, 138, 0, 19, 5, 13, '2018-01-25 14:00:00', NULL),
	(1181, 1, 1, 170, 17, 25, 0, 170, 0, 21, 7, 15, '2018-01-25 14:30:00', NULL),
	(1182, 1, 1, 96, 17, 46, 0, 96, 0, 15, 4, 15, '2018-01-25 15:00:00', NULL),
	(1183, 1, 1, 99, 17, 55, 0, 99, 0, 18, 5, 13, '2018-01-25 15:30:00', NULL),
	(1184, 1, 1, 77, 21, 52, 0, 77, 0, 19, 8, 14, '2018-01-25 16:00:00', NULL),
	(1185, 1, 1, 125, 19, 74, 0, 125, 0, 17, 5, 12, '2018-01-25 16:30:00', NULL),
	(1186, 1, 1, 148, 15, 25, 0, 148, 0, 18, 10, 10, '2018-01-25 17:00:00', NULL),
	(1187, 1, 1, 131, 14, 83, 0, 131, 0, 15, 6, 10, '2018-01-25 17:30:00', NULL),
	(1188, 1, 1, 171, 16, 105, 0, 171, 0, 18, 6, 12, '2018-01-25 18:00:00', NULL),
	(1189, 1, 1, 153, 15, 85, 0, 153, 0, 19, 6, 8, '2018-01-25 18:30:00', NULL),
	(1190, 1, 1, 166, 15, 92, 0, 166, 0, 14, 2, 12, '2018-01-25 19:00:00', NULL),
	(1191, 1, 1, 174, 18, 69, 0, 174, 0, 17, 7, 13, '2018-01-25 19:30:00', NULL),
	(1192, 1, 1, 162, 16, 86, 0, 162, 0, 21, 6, 17, '2018-01-25 20:00:00', NULL),
	(1193, 1, 1, 123, 21, 43, 0, 123, 0, 21, 3, 13, '2018-01-25 20:30:00', NULL),
	(1194, 1, 1, 157, 17, 54, 0, 157, 0, 15, 7, 15, '2018-01-25 21:00:00', NULL),
	(1195, 1, 1, 103, 17, 59, 0, 103, 0, 17, 5, 9, '2018-01-25 21:30:00', NULL),
	(1196, 1, 1, 129, 15, 51, 0, 129, 0, 19, 10, 15, '2018-01-25 22:00:00', NULL),
	(1197, 1, 1, 172, 16, 79, 0, 172, 0, 19, 5, 8, '2018-01-25 22:30:00', NULL),
	(1198, 1, 1, 132, 21, 56, 0, 132, 0, 19, 7, 10, '2018-01-25 23:00:00', NULL),
	(1199, 1, 1, 121, 20, 40, 0, 121, 0, 19, 7, 15, '2018-01-25 23:30:00', NULL),
	(1200, 1, 1, 169, 16, 80, 0, 169, 0, 15, 4, 17, '2018-01-26 00:00:00', NULL),
	(1201, 1, 1, 157, 14, 74, 0, 157, 0, 20, 3, 15, '2018-01-26 00:30:00', NULL),
	(1202, 1, 1, 149, 15, 52, 0, 149, 0, 15, 2, 10, '2018-01-26 01:00:00', NULL),
	(1203, 1, 1, 91, 18, 85, 0, 91, 0, 18, 5, 15, '2018-01-26 01:30:00', NULL),
	(1204, 1, 1, 157, 21, 68, 0, 157, 0, 21, 6, 13, '2018-01-26 02:00:00', NULL),
	(1205, 1, 1, 167, 17, 63, 0, 167, 0, 18, 3, 13, '2018-01-26 02:30:00', NULL),
	(1206, 1, 1, 167, 17, 85, 0, 167, 0, 15, 9, 14, '2018-01-26 03:00:00', NULL),
	(1207, 1, 1, 110, 15, 71, 0, 110, 0, 20, 4, 7, '2018-01-26 03:30:00', NULL),
	(1208, 1, 1, 159, 15, 81, 0, 159, 0, 16, 6, 8, '2018-01-26 04:00:00', NULL),
	(1209, 1, 1, 144, 14, 54, 0, 144, 0, 17, 6, 9, '2018-01-26 04:30:00', NULL),
	(1210, 1, 1, 102, 21, 37, 0, 102, 0, 19, 3, 17, '2018-01-26 05:00:00', NULL),
	(1211, 1, 1, 80, 18, 23, 0, 80, 0, 17, 4, 7, '2018-01-26 05:30:00', NULL),
	(1212, 1, 1, 138, 17, 107, 0, 138, 0, 17, 9, 15, '2018-01-26 06:00:00', NULL),
	(1213, 1, 1, 94, 21, 71, 0, 94, 0, 21, 5, 16, '2018-01-26 06:30:00', NULL),
	(1214, 1, 1, 121, 16, 91, 0, 121, 0, 15, 7, 15, '2018-01-26 07:00:00', NULL),
	(1215, 1, 1, 156, 14, 26, 0, 156, 0, 14, 3, 16, '2018-01-26 07:30:00', NULL),
	(1216, 1, 1, 153, 21, 25, 0, 153, 0, 21, 11, 15, '2018-01-26 08:00:00', NULL),
	(1217, 1, 1, 138, 15, 80, 0, 138, 0, 18, 4, 8, '2018-01-26 08:30:00', NULL),
	(1218, 1, 1, 90, 15, 65, 0, 90, 0, 16, 2, 8, '2018-01-26 09:00:00', NULL),
	(1219, 1, 1, 174, 20, 33, 0, 174, 0, 21, 11, 16, '2018-01-26 09:30:00', NULL),
	(1220, 1, 1, 124, 16, 98, 0, 124, 0, 15, 8, 17, '2018-01-26 10:00:00', NULL),
	(1221, 1, 1, 173, 14, 50, 0, 173, 0, 19, 4, 16, '2018-01-26 10:30:00', NULL),
	(1222, 1, 1, 158, 19, 96, 0, 158, 0, 20, 11, 13, '2018-01-26 11:00:00', NULL),
	(1223, 1, 1, 114, 21, 72, 0, 114, 0, 18, 10, 16, '2018-01-26 11:30:00', NULL),
	(1224, 1, 1, 124, 21, 25, 0, 124, 0, 20, 2, 11, '2018-01-26 12:00:00', NULL),
	(1225, 1, 1, 130, 19, 58, 0, 130, 0, 21, 4, 7, '2018-01-26 12:30:00', NULL),
	(1226, 1, 1, 130, 14, 43, 0, 130, 0, 20, 9, 16, '2018-01-26 13:00:00', NULL),
	(1227, 1, 1, 155, 14, 43, 0, 155, 0, 19, 5, 14, '2018-01-26 13:30:00', NULL),
	(1228, 1, 1, 167, 21, 65, 0, 167, 0, 17, 10, 9, '2018-01-26 14:00:00', NULL),
	(1229, 1, 1, 173, 14, 41, 0, 173, 0, 20, 6, 8, '2018-01-26 14:30:00', NULL),
	(1230, 1, 1, 172, 15, 41, 0, 172, 0, 19, 9, 16, '2018-01-26 15:00:00', NULL),
	(1231, 1, 1, 103, 15, 74, 0, 103, 0, 17, 4, 9, '2018-01-26 15:30:00', NULL),
	(1232, 1, 1, 86, 19, 20, 0, 86, 0, 14, 4, 17, '2018-01-26 16:00:00', NULL),
	(1233, 1, 1, 139, 19, 91, 0, 139, 0, 15, 11, 15, '2018-01-26 16:30:00', NULL),
	(1234, 1, 1, 170, 18, 78, 0, 170, 0, 15, 9, 16, '2018-01-26 17:00:00', NULL),
	(1235, 1, 1, 75, 18, 76, 0, 75, 0, 17, 2, 12, '2018-01-26 17:30:00', NULL),
	(1236, 1, 1, 95, 16, 100, 0, 95, 0, 19, 10, 15, '2018-01-26 18:00:00', NULL),
	(1237, 1, 1, 109, 14, 76, 0, 109, 0, 19, 11, 10, '2018-01-26 18:30:00', NULL),
	(1238, 1, 1, 100, 16, 60, 0, 100, 0, 20, 5, 10, '2018-01-26 19:00:00', NULL),
	(1239, 1, 1, 116, 15, 76, 0, 116, 0, 15, 11, 17, '2018-01-26 19:30:00', NULL),
	(1240, 1, 1, 151, 15, 59, 0, 151, 0, 17, 4, 17, '2018-01-26 20:00:00', NULL),
	(1241, 1, 1, 161, 19, 84, 0, 161, 0, 21, 9, 12, '2018-01-26 20:30:00', NULL),
	(1242, 1, 1, 75, 16, 27, 0, 75, 0, 20, 2, 9, '2018-01-26 21:00:00', NULL),
	(1243, 1, 1, 113, 19, 87, 0, 113, 0, 21, 10, 13, '2018-01-26 21:30:00', NULL),
	(1244, 1, 1, 153, 20, 37, 0, 153, 0, 18, 9, 9, '2018-01-26 22:00:00', NULL),
	(1245, 1, 1, 129, 15, 75, 0, 129, 0, 20, 7, 8, '2018-01-26 22:30:00', NULL),
	(1246, 1, 1, 149, 19, 105, 0, 149, 0, 19, 3, 16, '2018-01-26 23:00:00', NULL),
	(1247, 1, 1, 164, 18, 49, 0, 164, 0, 16, 5, 13, '2018-01-26 23:30:00', NULL),
	(1248, 1, 1, 155, 19, 45, 0, 155, 0, 16, 11, 12, '2018-01-27 00:00:00', NULL),
	(1249, 1, 1, 110, 20, 65, 0, 110, 0, 15, 11, 12, '2018-01-27 00:30:00', NULL),
	(1250, 1, 1, 169, 21, 72, 0, 169, 0, 17, 9, 10, '2018-01-27 01:00:00', NULL),
	(1251, 1, 1, 91, 15, 41, 0, 91, 0, 16, 4, 15, '2018-01-27 01:30:00', NULL),
	(1252, 1, 1, 100, 20, 33, 0, 100, 0, 20, 6, 13, '2018-01-27 02:00:00', NULL),
	(1253, 1, 1, 77, 20, 44, 0, 77, 0, 17, 9, 8, '2018-01-27 02:30:00', NULL),
	(1254, 1, 1, 158, 14, 55, 0, 158, 0, 18, 8, 8, '2018-01-27 03:00:00', NULL),
	(1255, 1, 1, 77, 21, 54, 0, 77, 0, 16, 2, 15, '2018-01-27 03:30:00', NULL),
	(1256, 1, 1, 102, 18, 92, 0, 102, 0, 14, 5, 8, '2018-01-27 04:00:00', NULL),
	(1257, 1, 1, 99, 16, 51, 0, 99, 0, 16, 10, 7, '2018-01-27 04:30:00', NULL),
	(1258, 1, 1, 76, 15, 110, 0, 76, 0, 19, 6, 14, '2018-01-27 05:00:00', NULL),
	(1259, 1, 1, 107, 19, 95, 0, 107, 0, 21, 7, 7, '2018-01-27 05:30:00', NULL),
	(1260, 1, 1, 171, 18, 108, 0, 171, 0, 21, 2, 15, '2018-01-27 06:00:00', NULL),
	(1261, 1, 1, 147, 18, 96, 0, 147, 0, 21, 10, 15, '2018-01-27 06:30:00', NULL),
	(1262, 1, 1, 92, 19, 75, 0, 92, 0, 19, 9, 9, '2018-01-27 07:00:00', NULL),
	(1263, 1, 1, 169, 16, 94, 0, 169, 0, 21, 9, 7, '2018-01-27 07:30:00', NULL),
	(1264, 1, 1, 171, 21, 91, 0, 171, 0, 21, 4, 16, '2018-01-27 08:00:00', NULL),
	(1265, 1, 1, 104, 16, 53, 0, 104, 0, 14, 2, 8, '2018-01-27 08:30:00', NULL),
	(1266, 1, 1, 149, 20, 28, 0, 149, 0, 19, 3, 17, '2018-01-27 09:00:00', NULL),
	(1267, 1, 1, 90, 14, 36, 0, 90, 0, 15, 5, 11, '2018-01-27 09:30:00', NULL),
	(1268, 1, 1, 90, 19, 58, 0, 90, 0, 20, 4, 16, '2018-01-27 10:00:00', NULL),
	(1269, 1, 1, 167, 18, 69, 0, 167, 0, 21, 9, 17, '2018-01-27 10:30:00', NULL),
	(1270, 1, 1, 171, 16, 41, 0, 171, 0, 14, 7, 12, '2018-01-27 11:00:00', NULL),
	(1271, 1, 1, 151, 15, 70, 0, 151, 0, 20, 5, 7, '2018-01-27 11:30:00', NULL),
	(1272, 1, 1, 105, 20, 101, 0, 105, 0, 18, 11, 8, '2018-01-27 12:00:00', NULL),
	(1273, 1, 1, 99, 14, 62, 0, 99, 0, 20, 6, 13, '2018-01-27 12:30:00', NULL),
	(1274, 1, 1, 105, 20, 54, 0, 105, 0, 19, 8, 12, '2018-01-27 13:00:00', NULL),
	(1275, 1, 1, 108, 19, 103, 0, 108, 0, 16, 11, 13, '2018-01-27 13:30:00', NULL),
	(1276, 1, 1, 119, 20, 105, 0, 119, 0, 15, 10, 15, '2018-01-27 14:00:00', NULL),
	(1277, 1, 1, 141, 17, 85, 0, 141, 0, 15, 7, 9, '2018-01-27 14:30:00', NULL),
	(1278, 1, 1, 159, 21, 23, 0, 159, 0, 18, 11, 15, '2018-01-27 15:00:00', NULL),
	(1279, 1, 1, 118, 19, 75, 0, 118, 0, 17, 6, 13, '2018-01-27 15:30:00', NULL),
	(1280, 1, 1, 118, 21, 98, 0, 118, 0, 20, 5, 17, '2018-01-27 16:00:00', NULL),
	(1281, 1, 1, 129, 18, 70, 0, 129, 0, 15, 2, 13, '2018-01-27 16:30:00', NULL),
	(1282, 1, 1, 121, 19, 88, 0, 121, 0, 20, 11, 14, '2018-01-27 17:00:00', NULL),
	(1283, 1, 1, 96, 20, 76, 0, 96, 0, 17, 3, 15, '2018-01-27 17:30:00', NULL),
	(1284, 1, 1, 124, 20, 82, 0, 124, 0, 19, 5, 13, '2018-01-27 18:00:00', NULL),
	(1285, 1, 1, 171, 17, 75, 0, 171, 0, 19, 7, 12, '2018-01-27 18:30:00', NULL),
	(1286, 1, 1, 106, 20, 21, 0, 106, 0, 14, 10, 13, '2018-01-27 19:00:00', NULL),
	(1287, 1, 1, 140, 20, 67, 0, 140, 0, 14, 8, 16, '2018-01-27 19:30:00', NULL),
	(1288, 1, 1, 83, 21, 28, 0, 83, 0, 15, 5, 12, '2018-01-27 20:00:00', NULL),
	(1289, 1, 1, 99, 14, 48, 0, 99, 0, 21, 8, 11, '2018-01-27 20:30:00', NULL),
	(1290, 1, 1, 99, 19, 41, 0, 99, 0, 16, 8, 7, '2018-01-27 21:00:00', NULL),
	(1291, 1, 1, 117, 18, 54, 0, 117, 0, 19, 10, 12, '2018-01-27 21:30:00', NULL),
	(1292, 1, 1, 98, 15, 107, 0, 98, 0, 16, 9, 17, '2018-01-27 22:00:00', NULL),
	(1293, 1, 1, 134, 17, 110, 0, 134, 0, 14, 6, 16, '2018-01-27 22:30:00', NULL),
	(1294, 1, 1, 154, 14, 72, 0, 154, 0, 19, 2, 17, '2018-01-27 23:00:00', NULL),
	(1295, 1, 1, 143, 21, 87, 0, 143, 0, 19, 2, 11, '2018-01-27 23:30:00', NULL),
	(1296, 1, 1, 135, 19, 73, 0, 135, 0, 21, 9, 7, '2018-01-28 00:00:00', NULL),
	(1297, 1, 1, 138, 18, 80, 0, 138, 0, 18, 10, 11, '2018-01-28 00:30:00', NULL),
	(1298, 1, 1, 108, 19, 25, 0, 108, 0, 21, 7, 13, '2018-01-28 01:00:00', NULL),
	(1299, 1, 1, 133, 21, 38, 0, 133, 0, 19, 5, 15, '2018-01-28 01:30:00', NULL),
	(1300, 1, 1, 100, 17, 42, 0, 100, 0, 19, 5, 12, '2018-01-28 02:00:00', NULL),
	(1301, 1, 1, 94, 20, 102, 0, 94, 0, 20, 7, 12, '2018-01-28 02:30:00', NULL),
	(1302, 1, 1, 110, 15, 98, 0, 110, 0, 21, 7, 17, '2018-01-28 03:00:00', NULL),
	(1303, 1, 1, 167, 20, 76, 0, 167, 0, 17, 11, 14, '2018-01-28 03:30:00', NULL),
	(1304, 1, 1, 117, 18, 51, 0, 117, 0, 21, 5, 17, '2018-01-28 04:00:00', NULL),
	(1305, 1, 1, 128, 15, 61, 0, 128, 0, 16, 10, 17, '2018-01-28 04:30:00', NULL),
	(1306, 1, 1, 133, 14, 29, 0, 133, 0, 19, 11, 8, '2018-01-28 05:00:00', NULL),
	(1307, 1, 1, 124, 19, 90, 0, 124, 0, 14, 3, 7, '2018-01-28 05:30:00', NULL),
	(1308, 1, 1, 175, 20, 61, 0, 175, 0, 16, 10, 9, '2018-01-28 06:00:00', NULL),
	(1309, 1, 1, 98, 15, 88, 0, 98, 0, 21, 6, 16, '2018-01-28 06:30:00', NULL),
	(1310, 1, 1, 102, 14, 55, 0, 102, 0, 15, 10, 8, '2018-01-28 07:00:00', NULL),
	(1311, 1, 1, 163, 20, 56, 0, 163, 0, 16, 3, 11, '2018-01-28 07:30:00', NULL),
	(1312, 1, 1, 109, 21, 86, 0, 109, 0, 19, 10, 15, '2018-01-28 08:00:00', NULL),
	(1313, 1, 1, 164, 19, 94, 0, 164, 0, 14, 6, 7, '2018-01-28 08:30:00', NULL),
	(1314, 1, 1, 95, 21, 87, 0, 95, 0, 21, 8, 9, '2018-01-28 09:00:00', NULL),
	(1315, 1, 1, 140, 19, 30, 0, 140, 0, 19, 10, 12, '2018-01-28 09:30:00', NULL),
	(1316, 1, 1, 147, 18, 45, 0, 147, 0, 14, 4, 12, '2018-01-28 10:00:00', NULL),
	(1317, 1, 1, 97, 20, 49, 0, 97, 0, 16, 5, 10, '2018-01-28 10:30:00', NULL),
	(1318, 1, 1, 151, 14, 31, 0, 151, 0, 21, 8, 13, '2018-01-28 11:00:00', NULL),
	(1319, 1, 1, 166, 15, 87, 0, 166, 0, 21, 7, 10, '2018-01-28 11:30:00', NULL),
	(1320, 1, 1, 120, 17, 106, 0, 120, 0, 14, 3, 13, '2018-01-28 12:00:00', NULL),
	(1321, 1, 1, 97, 19, 108, 0, 97, 0, 16, 11, 10, '2018-01-28 12:30:00', NULL),
	(1322, 1, 1, 157, 21, 55, 0, 157, 0, 15, 2, 9, '2018-01-28 13:00:00', NULL),
	(1323, 1, 1, 142, 14, 22, 0, 142, 0, 15, 4, 7, '2018-01-28 13:30:00', NULL),
	(1324, 1, 1, 132, 21, 49, 0, 132, 0, 20, 10, 14, '2018-01-28 14:00:00', NULL),
	(1325, 1, 1, 126, 20, 40, 0, 126, 0, 17, 3, 13, '2018-01-28 14:30:00', NULL),
	(1326, 1, 1, 124, 14, 51, 0, 124, 0, 15, 9, 14, '2018-01-28 15:00:00', NULL),
	(1327, 1, 1, 99, 17, 26, 0, 99, 0, 14, 6, 7, '2018-01-28 15:30:00', NULL),
	(1328, 1, 1, 109, 14, 99, 0, 109, 0, 19, 5, 8, '2018-01-28 16:00:00', NULL),
	(1329, 1, 1, 108, 18, 101, 0, 108, 0, 17, 3, 11, '2018-01-28 16:30:00', NULL),
	(1330, 1, 1, 150, 18, 54, 0, 150, 0, 14, 6, 7, '2018-01-28 17:00:00', NULL),
	(1331, 1, 1, 140, 21, 58, 0, 140, 0, 17, 4, 16, '2018-01-28 17:30:00', NULL),
	(1332, 1, 1, 83, 18, 22, 0, 83, 0, 16, 6, 16, '2018-01-28 18:00:00', NULL),
	(1333, 1, 1, 79, 16, 39, 0, 79, 0, 14, 7, 15, '2018-01-28 18:30:00', NULL),
	(1334, 1, 1, 105, 21, 103, 0, 105, 0, 18, 4, 16, '2018-01-28 19:00:00', NULL),
	(1335, 1, 1, 83, 15, 91, 0, 83, 0, 16, 7, 17, '2018-01-28 19:30:00', NULL),
	(1336, 1, 1, 147, 17, 107, 0, 147, 0, 17, 2, 15, '2018-01-28 20:00:00', NULL),
	(1337, 1, 1, 154, 16, 106, 0, 154, 0, 20, 8, 7, '2018-01-28 20:30:00', NULL),
	(1338, 1, 1, 166, 20, 79, 0, 166, 0, 14, 3, 7, '2018-01-28 21:00:00', NULL),
	(1339, 1, 1, 126, 19, 32, 0, 126, 0, 21, 10, 9, '2018-01-28 21:30:00', NULL),
	(1340, 1, 1, 174, 16, 74, 0, 174, 0, 17, 5, 16, '2018-01-28 22:00:00', NULL),
	(1341, 1, 1, 162, 16, 53, 0, 162, 0, 19, 6, 8, '2018-01-28 22:30:00', NULL),
	(1342, 1, 1, 138, 17, 76, 0, 138, 0, 15, 7, 17, '2018-01-28 23:00:00', NULL),
	(1343, 1, 1, 142, 19, 100, 0, 142, 0, 21, 10, 13, '2018-01-28 23:30:00', NULL),
	(1344, 1, 1, 162, 16, 109, 0, 162, 0, 20, 10, 13, '2018-01-29 00:00:00', NULL),
	(1345, 1, 1, 92, 16, 100, 0, 92, 0, 19, 4, 14, '2018-01-29 00:30:00', NULL),
	(1346, 1, 1, 96, 15, 24, 0, 96, 0, 20, 9, 8, '2018-01-29 01:00:00', NULL),
	(1347, 1, 1, 93, 16, 54, 0, 93, 0, 19, 9, 7, '2018-01-29 01:30:00', NULL),
	(1348, 1, 1, 168, 15, 88, 0, 168, 0, 19, 8, 17, '2018-01-29 02:00:00', NULL),
	(1349, 1, 1, 89, 18, 78, 0, 89, 0, 18, 9, 14, '2018-01-29 02:30:00', NULL),
	(1350, 1, 1, 170, 14, 59, 0, 170, 0, 18, 6, 11, '2018-01-29 03:00:00', NULL),
	(1351, 1, 1, 152, 18, 52, 0, 152, 0, 19, 5, 10, '2018-01-29 03:30:00', NULL),
	(1352, 1, 1, 151, 19, 64, 0, 151, 0, 18, 2, 14, '2018-01-29 04:00:00', NULL),
	(1353, 1, 1, 124, 18, 108, 0, 124, 0, 14, 7, 12, '2018-01-29 04:30:00', NULL),
	(1354, 1, 1, 93, 15, 33, 0, 93, 0, 21, 8, 9, '2018-01-29 05:00:00', NULL),
	(1355, 1, 1, 107, 14, 62, 0, 107, 0, 20, 10, 16, '2018-01-29 05:30:00', NULL),
	(1356, 1, 1, 131, 21, 67, 0, 131, 0, 17, 7, 9, '2018-01-29 06:00:00', NULL),
	(1357, 1, 1, 155, 21, 57, 0, 155, 0, 18, 9, 13, '2018-01-29 06:30:00', NULL),
	(1358, 1, 1, 108, 15, 89, 0, 108, 0, 18, 4, 10, '2018-01-29 07:00:00', NULL),
	(1359, 1, 1, 152, 21, 29, 0, 152, 0, 18, 9, 17, '2018-01-29 07:30:00', NULL),
	(1360, 1, 1, 148, 20, 59, 0, 148, 0, 19, 5, 8, '2018-01-29 08:00:00', NULL),
	(1361, 1, 1, 162, 18, 52, 0, 162, 0, 19, 3, 15, '2018-01-29 08:30:00', NULL),
	(1362, 1, 1, 152, 20, 44, 0, 152, 0, 17, 4, 7, '2018-01-29 09:00:00', NULL),
	(1363, 1, 1, 145, 14, 86, 0, 145, 0, 20, 4, 15, '2018-01-29 09:30:00', NULL),
	(1364, 1, 1, 166, 16, 51, 0, 166, 0, 14, 3, 17, '2018-01-29 10:00:00', NULL),
	(1365, 1, 1, 155, 21, 20, 0, 155, 0, 17, 7, 8, '2018-01-29 10:30:00', NULL),
	(1366, 1, 1, 133, 20, 85, 0, 133, 0, 21, 10, 12, '2018-01-29 11:00:00', NULL),
	(1367, 1, 1, 129, 15, 36, 0, 129, 0, 20, 4, 17, '2018-01-29 11:30:00', NULL),
	(1368, 1, 1, 82, 17, 93, 0, 82, 0, 18, 4, 12, '2018-01-29 12:00:00', NULL),
	(1369, 1, 1, 120, 21, 22, 0, 120, 0, 21, 2, 11, '2018-01-29 12:30:00', NULL),
	(1370, 1, 1, 158, 14, 57, 0, 158, 0, 21, 10, 17, '2018-01-29 13:00:00', NULL),
	(1371, 1, 1, 114, 16, 72, 0, 114, 0, 18, 2, 10, '2018-01-29 13:30:00', NULL),
	(1372, 1, 1, 132, 17, 89, 0, 132, 0, 21, 9, 10, '2018-01-29 14:00:00', NULL),
	(1373, 1, 1, 108, 14, 105, 0, 108, 0, 16, 2, 7, '2018-01-29 14:30:00', NULL),
	(1374, 1, 1, 102, 21, 27, 0, 102, 0, 20, 10, 17, '2018-01-29 15:00:00', NULL),
	(1375, 1, 1, 103, 19, 96, 0, 103, 0, 14, 9, 9, '2018-01-29 15:30:00', NULL),
	(1376, 1, 1, 124, 18, 64, 0, 124, 0, 14, 9, 14, '2018-01-29 16:00:00', NULL),
	(1377, 1, 1, 94, 14, 108, 0, 94, 0, 19, 9, 7, '2018-01-29 16:30:00', NULL),
	(1378, 1, 1, 97, 19, 23, 0, 97, 0, 19, 7, 11, '2018-01-29 17:00:00', NULL),
	(1379, 1, 1, 111, 20, 77, 0, 111, 0, 20, 7, 9, '2018-01-29 17:30:00', NULL),
	(1380, 1, 1, 82, 15, 94, 0, 82, 0, 18, 9, 15, '2018-01-29 18:00:00', NULL),
	(1381, 1, 1, 103, 16, 71, 0, 103, 0, 17, 9, 12, '2018-01-29 18:30:00', NULL),
	(1382, 1, 1, 97, 18, 77, 0, 97, 0, 15, 6, 8, '2018-01-29 19:00:00', NULL),
	(1383, 1, 1, 78, 19, 50, 0, 78, 0, 18, 2, 10, '2018-01-29 19:30:00', NULL),
	(1384, 1, 1, 77, 19, 66, 0, 77, 0, 21, 3, 7, '2018-01-29 20:00:00', NULL),
	(1385, 1, 1, 173, 14, 77, 0, 173, 0, 18, 4, 10, '2018-01-29 20:30:00', NULL),
	(1386, 1, 1, 168, 21, 88, 0, 168, 0, 15, 2, 12, '2018-01-29 21:00:00', NULL),
	(1387, 1, 1, 153, 16, 47, 0, 153, 0, 21, 3, 10, '2018-01-29 21:30:00', NULL),
	(1388, 1, 1, 148, 21, 98, 0, 148, 0, 20, 11, 9, '2018-01-29 22:00:00', NULL),
	(1389, 1, 1, 98, 21, 88, 0, 98, 0, 16, 9, 12, '2018-01-29 22:30:00', NULL),
	(1390, 1, 1, 164, 18, 26, 0, 164, 0, 14, 6, 14, '2018-01-29 23:00:00', NULL),
	(1391, 1, 1, 92, 14, 85, 0, 92, 0, 20, 8, 17, '2018-01-29 23:30:00', NULL),
	(1392, 1, 1, 92, 18, 53, 0, 92, 0, 19, 3, 10, '2018-01-30 00:00:00', NULL),
	(1393, 1, 1, 164, 17, 55, 0, 164, 0, 17, 4, 14, '2018-01-30 00:30:00', NULL),
	(1394, 1, 1, 168, 20, 31, 0, 168, 0, 21, 11, 16, '2018-01-30 01:00:00', NULL),
	(1395, 1, 1, 140, 20, 77, 0, 140, 0, 17, 11, 12, '2018-01-30 01:30:00', NULL),
	(1396, 1, 1, 89, 14, 93, 0, 89, 0, 14, 9, 10, '2018-01-30 02:00:00', NULL),
	(1397, 1, 1, 146, 19, 26, 0, 146, 0, 21, 6, 15, '2018-01-30 02:30:00', NULL),
	(1398, 1, 1, 98, 18, 27, 0, 98, 0, 16, 7, 7, '2018-01-30 03:00:00', NULL),
	(1399, 1, 1, 170, 16, 33, 0, 170, 0, 16, 8, 7, '2018-01-30 03:30:00', NULL),
	(1400, 1, 1, 90, 18, 66, 0, 90, 0, 14, 10, 15, '2018-01-30 04:00:00', NULL),
	(1401, 1, 1, 163, 19, 77, 0, 163, 0, 20, 3, 10, '2018-01-30 04:30:00', NULL),
	(1402, 1, 1, 83, 14, 55, 0, 83, 0, 21, 2, 8, '2018-01-30 05:00:00', NULL),
	(1403, 1, 1, 149, 20, 95, 0, 149, 0, 20, 4, 12, '2018-01-30 05:30:00', NULL),
	(1404, 1, 1, 175, 19, 55, 0, 175, 0, 14, 9, 9, '2018-01-30 06:00:00', NULL),
	(1405, 1, 1, 147, 21, 82, 0, 147, 0, 16, 10, 8, '2018-01-30 06:30:00', NULL),
	(1406, 1, 1, 94, 16, 91, 0, 94, 0, 19, 9, 15, '2018-01-30 07:00:00', NULL),
	(1407, 1, 1, 127, 20, 47, 0, 127, 0, 15, 11, 14, '2018-01-30 07:30:00', NULL),
	(1408, 1, 1, 86, 17, 51, 0, 86, 0, 14, 10, 9, '2018-01-30 08:00:00', NULL),
	(1409, 1, 1, 110, 15, 90, 0, 110, 0, 16, 11, 8, '2018-01-30 08:30:00', NULL),
	(1410, 1, 1, 121, 20, 72, 0, 121, 0, 20, 9, 15, '2018-01-30 09:00:00', NULL),
	(1411, 1, 1, 167, 17, 39, 0, 167, 0, 20, 8, 11, '2018-01-30 09:30:00', NULL),
	(1412, 1, 1, 171, 16, 82, 0, 171, 0, 15, 8, 11, '2018-01-30 10:00:00', NULL),
	(1413, 1, 1, 148, 18, 21, 0, 148, 0, 16, 3, 14, '2018-01-30 10:30:00', NULL),
	(1414, 1, 1, 101, 15, 31, 0, 101, 0, 21, 8, 15, '2018-01-30 11:00:00', NULL),
	(1415, 1, 1, 80, 19, 80, 0, 80, 0, 18, 3, 17, '2018-01-30 11:30:00', NULL),
	(1416, 1, 1, 94, 21, 78, 0, 94, 0, 15, 3, 16, '2018-01-30 12:00:00', NULL),
	(1417, 1, 1, 138, 21, 37, 0, 138, 0, 15, 11, 10, '2018-01-30 12:30:00', NULL),
	(1418, 1, 1, 148, 21, 29, 0, 148, 0, 17, 8, 8, '2018-01-30 13:00:00', NULL),
	(1419, 1, 1, 161, 17, 27, 0, 161, 0, 20, 7, 7, '2018-01-30 13:30:00', NULL),
	(1420, 1, 1, 124, 15, 91, 0, 124, 0, 18, 8, 16, '2018-01-30 14:00:00', NULL),
	(1421, 1, 1, 127, 14, 49, 0, 127, 0, 15, 5, 11, '2018-01-30 14:30:00', NULL),
	(1422, 1, 1, 76, 15, 59, 0, 76, 0, 14, 3, 9, '2018-01-30 15:00:00', NULL),
	(1423, 1, 1, 94, 20, 35, 0, 94, 0, 14, 6, 8, '2018-01-30 15:30:00', NULL),
	(1424, 1, 1, 138, 16, 44, 0, 138, 0, 17, 10, 14, '2018-01-30 16:00:00', NULL),
	(1425, 1, 1, 148, 14, 43, 0, 148, 0, 21, 11, 10, '2018-01-30 16:30:00', NULL),
	(1426, 1, 1, 81, 14, 92, 0, 81, 0, 17, 8, 15, '2018-01-30 17:00:00', NULL),
	(1427, 1, 1, 171, 20, 54, 0, 171, 0, 17, 5, 8, '2018-01-30 17:30:00', NULL),
	(1428, 1, 1, 171, 20, 37, 0, 171, 0, 19, 5, 9, '2018-01-30 18:00:00', NULL),
	(1429, 1, 1, 110, 14, 20, 0, 110, 0, 16, 9, 15, '2018-01-30 18:30:00', NULL),
	(1430, 1, 1, 87, 14, 44, 0, 87, 0, 20, 11, 8, '2018-01-30 19:00:00', NULL),
	(1431, 1, 1, 115, 16, 87, 0, 115, 0, 15, 9, 17, '2018-01-30 19:30:00', NULL),
	(1432, 1, 1, 86, 21, 106, 0, 86, 0, 19, 5, 13, '2018-01-30 20:00:00', NULL),
	(1433, 1, 1, 93, 21, 75, 0, 93, 0, 19, 5, 16, '2018-01-30 20:30:00', NULL),
	(1434, 1, 1, 75, 17, 95, 0, 75, 0, 16, 5, 8, '2018-01-30 21:00:00', NULL),
	(1435, 1, 1, 165, 20, 44, 0, 165, 0, 19, 7, 7, '2018-01-30 21:30:00', NULL),
	(1436, 1, 1, 111, 17, 82, 0, 111, 0, 21, 8, 15, '2018-01-30 22:00:00', NULL),
	(1437, 1, 1, 104, 21, 50, 0, 104, 0, 15, 8, 15, '2018-01-30 22:30:00', NULL),
	(1438, 1, 1, 145, 17, 54, 0, 145, 0, 14, 9, 9, '2018-01-30 23:00:00', NULL),
	(1439, 1, 1, 124, 17, 44, 0, 124, 0, 16, 7, 9, '2018-01-30 23:30:00', NULL),
	(1440, 1, 1, 82, 18, 95, 0, 82, 0, 14, 9, 8, '2018-01-31 00:00:00', NULL),
	(1441, 1, 1, 99, 18, 95, 0, 99, 0, 17, 2, 10, '2018-01-31 00:30:00', NULL),
	(1442, 1, 1, 88, 18, 39, 0, 88, 0, 14, 9, 10, '2018-01-31 01:00:00', NULL),
	(1443, 1, 1, 126, 14, 89, 0, 126, 0, 19, 4, 7, '2018-01-31 01:30:00', NULL),
	(1444, 1, 1, 100, 19, 72, 0, 100, 0, 19, 5, 15, '2018-01-31 02:00:00', NULL),
	(1445, 1, 1, 92, 18, 83, 0, 92, 0, 18, 3, 17, '2018-01-31 02:30:00', NULL),
	(1446, 1, 1, 109, 18, 72, 0, 109, 0, 14, 2, 11, '2018-01-31 03:00:00', NULL),
	(1447, 1, 1, 143, 18, 49, 0, 143, 0, 17, 7, 11, '2018-01-31 03:30:00', NULL),
	(1448, 1, 1, 169, 16, 66, 0, 169, 0, 21, 9, 13, '2018-01-31 04:00:00', NULL),
	(1449, 1, 1, 102, 21, 62, 0, 102, 0, 15, 10, 11, '2018-01-31 04:30:00', NULL),
	(1450, 1, 1, 170, 15, 107, 0, 170, 0, 18, 8, 14, '2018-01-31 05:00:00', NULL),
	(1451, 1, 1, 162, 20, 75, 0, 162, 0, 18, 2, 9, '2018-01-31 05:30:00', NULL),
	(1452, 1, 1, 100, 16, 86, 0, 100, 0, 18, 9, 15, '2018-01-31 06:00:00', NULL),
	(1453, 1, 1, 164, 20, 77, 0, 164, 0, 14, 2, 14, '2018-01-31 06:30:00', NULL),
	(1454, 1, 1, 141, 15, 36, 0, 141, 0, 17, 9, 14, '2018-01-31 07:00:00', NULL),
	(1455, 1, 1, 115, 18, 45, 0, 115, 0, 21, 8, 7, '2018-01-31 07:30:00', NULL),
	(1456, 1, 1, 160, 14, 47, 0, 160, 0, 18, 9, 7, '2018-01-31 08:00:00', NULL),
	(1457, 1, 1, 137, 17, 93, 0, 137, 0, 20, 9, 14, '2018-01-31 08:30:00', NULL),
	(1458, 1, 1, 95, 20, 37, 0, 95, 0, 18, 8, 9, '2018-01-31 09:00:00', NULL),
	(1459, 1, 1, 108, 19, 27, 0, 108, 0, 20, 10, 8, '2018-01-31 09:30:00', NULL),
	(1460, 1, 1, 166, 17, 81, 0, 166, 0, 15, 9, 9, '2018-01-31 10:00:00', NULL),
	(1461, 1, 1, 155, 14, 44, 0, 155, 0, 14, 10, 12, '2018-01-31 10:30:00', NULL),
	(1462, 1, 1, 119, 16, 67, 0, 119, 0, 18, 5, 7, '2018-01-31 11:00:00', NULL),
	(1463, 1, 1, 95, 20, 78, 0, 95, 0, 16, 8, 12, '2018-01-31 11:30:00', NULL),
	(1464, 1, 1, 95, 14, 68, 0, 95, 0, 17, 9, 16, '2018-01-31 12:00:00', NULL),
	(1465, 1, 1, 93, 19, 49, 0, 93, 0, 16, 9, 17, '2018-01-31 12:30:00', NULL),
	(1466, 1, 1, 141, 17, 28, 0, 141, 0, 14, 9, 15, '2018-01-31 13:00:00', NULL),
	(1467, 1, 1, 104, 17, 92, 0, 104, 0, 18, 9, 17, '2018-01-31 13:30:00', NULL),
	(1468, 1, 1, 170, 21, 58, 0, 170, 0, 21, 5, 16, '2018-01-31 14:00:00', NULL),
	(1469, 1, 1, 122, 21, 90, 0, 122, 0, 17, 5, 14, '2018-01-31 14:30:00', NULL),
	(1470, 1, 1, 159, 19, 26, 0, 159, 0, 15, 2, 16, '2018-01-31 15:00:00', NULL),
	(1471, 1, 1, 125, 19, 45, 0, 125, 0, 16, 4, 17, '2018-01-31 15:30:00', NULL),
	(1472, 1, 1, 149, 20, 61, 0, 149, 0, 15, 2, 17, '2018-01-31 16:00:00', NULL),
	(1473, 1, 1, 82, 15, 90, 0, 82, 0, 17, 11, 12, '2018-01-31 16:30:00', NULL),
	(1474, 1, 1, 131, 18, 79, 0, 131, 0, 17, 10, 11, '2018-01-31 17:00:00', NULL),
	(1475, 1, 1, 153, 19, 37, 0, 153, 0, 17, 11, 12, '2018-01-31 17:30:00', NULL),
	(1476, 1, 1, 108, 17, 57, 0, 108, 0, 15, 9, 9, '2018-01-31 18:00:00', NULL),
	(1477, 1, 1, 117, 15, 91, 0, 117, 0, 16, 3, 10, '2018-01-31 18:30:00', NULL),
	(1478, 1, 1, 148, 14, 36, 0, 148, 0, 19, 5, 14, '2018-01-31 19:00:00', NULL),
	(1479, 1, 1, 165, 15, 81, 0, 165, 0, 20, 8, 13, '2018-01-31 19:30:00', NULL),
	(1480, 1, 1, 157, 18, 100, 0, 157, 0, 20, 9, 8, '2018-01-31 20:00:00', NULL),
	(1481, 1, 1, 117, 16, 34, 0, 117, 0, 15, 3, 8, '2018-01-31 20:30:00', NULL),
	(1482, 1, 1, 143, 19, 68, 0, 143, 0, 17, 11, 13, '2018-01-31 21:00:00', NULL),
	(1483, 1, 1, 131, 20, 66, 0, 131, 0, 18, 2, 9, '2018-01-31 21:30:00', NULL),
	(1484, 1, 1, 140, 16, 99, 0, 140, 0, 17, 10, 11, '2018-01-31 22:00:00', NULL),
	(1485, 1, 1, 172, 14, 78, 0, 172, 0, 17, 3, 17, '2018-01-31 22:30:00', NULL),
	(1486, 1, 1, 152, 16, 28, 0, 152, 0, 21, 3, 14, '2018-01-31 23:00:00', NULL),
	(1487, 1, 1, 167, 18, 66, 0, 167, 0, 17, 3, 16, '2018-01-31 23:30:00', NULL),
	(1488, 1, 1, 163, 18, 57, 0, 163, 0, 18, 2, 9, '2018-02-01 00:00:00', NULL),
	(1489, 1, 1, 80, 16, 65, 0, 80, 0, 20, 10, 12, '2018-02-01 00:30:00', NULL),
	(1490, 1, 1, 90, 18, 60, 0, 90, 0, 18, 5, 17, '2018-02-01 01:00:00', NULL),
	(1491, 1, 1, 136, 19, 57, 0, 136, 0, 20, 3, 8, '2018-02-01 01:30:00', NULL),
	(1492, 1, 1, 144, 20, 68, 0, 144, 0, 21, 6, 15, '2018-02-01 02:00:00', NULL),
	(1493, 1, 1, 116, 14, 27, 0, 116, 0, 19, 10, 16, '2018-02-01 02:30:00', NULL),
	(1494, 1, 1, 131, 17, 34, 0, 131, 0, 15, 8, 16, '2018-02-01 03:00:00', NULL),
	(1495, 1, 1, 158, 18, 56, 0, 158, 0, 18, 10, 7, '2018-02-01 03:30:00', NULL),
	(1496, 1, 1, 117, 17, 47, 0, 117, 0, 17, 5, 8, '2018-02-01 04:00:00', NULL),
	(1497, 1, 1, 152, 16, 67, 0, 152, 0, 16, 9, 7, '2018-02-01 04:30:00', NULL),
	(1498, 1, 1, 114, 19, 63, 0, 114, 0, 18, 10, 7, '2018-02-01 05:00:00', NULL),
	(1499, 1, 1, 96, 19, 100, 0, 96, 0, 18, 11, 16, '2018-02-01 05:30:00', NULL),
	(1500, 1, 1, 162, 18, 99, 0, 162, 0, 18, 5, 16, '2018-02-01 06:00:00', NULL),
	(1501, 1, 1, 107, 19, 67, 0, 107, 0, 19, 10, 12, '2018-02-01 06:30:00', NULL);
/*!40000 ALTER TABLE `sites_historic` ENABLE KEYS */;

-- Dumping structure for table e2s_db.site_data_requests
CREATE TABLE IF NOT EXISTS `site_data_requests` (
  `request_id` int(11) NOT NULL AUTO_INCREMENT,
  `request_email` varchar(50) COLLATE utf8mb4_unicode_520_ci DEFAULT NULL,
  `request_name` varchar(50) COLLATE utf8mb4_unicode_520_ci DEFAULT NULL,
  `role_id` int(11) DEFAULT NULL,
  `message` varchar(1000) COLLATE utf8mb4_unicode_520_ci DEFAULT NULL,
  `site_id` int(11) DEFAULT NULL,
  `request_date` datetime DEFAULT NULL,
  PRIMARY KEY (`request_id`),
  KEY `FK_site_data_requests_site_data` (`site_id`),
  KEY `FK_site_data_requests_roles` (`role_id`),
  CONSTRAINT `FK_site_data_requests_roles` FOREIGN KEY (`role_id`) REFERENCES `roles` (`role_id`) ON DELETE NO ACTION ON UPDATE NO ACTION,
  CONSTRAINT `FK_site_data_requests_site_data` FOREIGN KEY (`site_id`) REFERENCES `sites` (`site_id`) ON DELETE CASCADE ON UPDATE NO ACTION
) ENGINE=InnoDB AUTO_INCREMENT=3 DEFAULT CHARSET=utf8mb4 COLLATE=utf8mb4_unicode_520_ci;

-- Dumping data for table e2s_db.site_data_requests: ~2 rows (approximately)
/*!40000 ALTER TABLE `site_data_requests` DISABLE KEYS */;
INSERT INTO `site_data_requests` (`request_id`, `request_email`, `request_name`, `role_id`, `message`, `site_id`, `request_date`) VALUES
	(1, 'jackhoff@email.com', 'Jack', 4, 'Could I get data specifically about heater usage please?', 1, '2020-11-21 12:34:23'),
	(2, 'pepetheromi@gmail.com', 'Pepe', 3, 'I would like to delete my site off of your website, I am not happy', 2, '2021-01-10 12:43:54');
/*!40000 ALTER TABLE `site_data_requests` ENABLE KEYS */;

-- Dumping structure for table e2s_db.suppliers
CREATE TABLE IF NOT EXISTS `suppliers` (
  `supplier_id` int(11) NOT NULL AUTO_INCREMENT,
  `supplier_name` varchar(50) NOT NULL DEFAULT '0',
  PRIMARY KEY (`supplier_id`)
) ENGINE=InnoDB AUTO_INCREMENT=5 DEFAULT CHARSET=utf8mb4;

-- Dumping data for table e2s_db.suppliers: ~4 rows (approximately)
/*!40000 ALTER TABLE `suppliers` DISABLE KEYS */;
INSERT INTO `suppliers` (`supplier_id`, `supplier_name`) VALUES
	(1, 'British Gas'),
	(2, 'EDF'),
	(3, 'Eon'),
	(4, 'SSE');
/*!40000 ALTER TABLE `suppliers` ENABLE KEYS */;

-- Dumping structure for table e2s_db.suppliers_historic
CREATE TABLE IF NOT EXISTS `suppliers_historic` (
  `entry_id` int(11) NOT NULL AUTO_INCREMENT,
  `supplier_id` int(11) DEFAULT NULL,
  `time_stamp` datetime DEFAULT NULL,
  `energy_price` int(11) DEFAULT NULL,
  `gas_price` int(11) DEFAULT NULL,
  PRIMARY KEY (`entry_id`),
  KEY `FK__energy_suppliers` (`supplier_id`),
  CONSTRAINT `FK__energy_suppliers` FOREIGN KEY (`supplier_id`) REFERENCES `suppliers` (`supplier_id`) ON DELETE NO ACTION ON UPDATE NO ACTION
) ENGINE=InnoDB AUTO_INCREMENT=5 DEFAULT CHARSET=utf8mb4;

-- Dumping data for table e2s_db.suppliers_historic: ~3 rows (approximately)
/*!40000 ALTER TABLE `suppliers_historic` DISABLE KEYS */;
INSERT INTO `suppliers_historic` (`entry_id`, `supplier_id`, `time_stamp`, `energy_price`, `gas_price`) VALUES
	(1, 1, '2022-11-20 16:00:00', 15, 15),
	(2, 1, '2022-12-20 16:00:00', 17, 13),
	(3, 1, '2023-01-20 16:00:00', 16, 13);
/*!40000 ALTER TABLE `suppliers_historic` ENABLE KEYS */;

-- Dumping structure for table e2s_db.user_admin
CREATE TABLE IF NOT EXISTS `user_admin` (
  `admin_id` int(11) NOT NULL AUTO_INCREMENT,
  `user_id` int(11) DEFAULT NULL,
  PRIMARY KEY (`admin_id`),
  KEY `FK_user_admin_user_credentials` (`user_id`),
  CONSTRAINT `FK_user_admin_user_credentials` FOREIGN KEY (`user_id`) REFERENCES `user_credentials` (`user_id`) ON DELETE NO ACTION ON UPDATE NO ACTION
) ENGINE=InnoDB DEFAULT CHARSET=utf8mb4 COLLATE=utf8mb4_unicode_520_ci;

-- Dumping data for table e2s_db.user_admin: ~0 rows (approximately)
/*!40000 ALTER TABLE `user_admin` DISABLE KEYS */;
/*!40000 ALTER TABLE `user_admin` ENABLE KEYS */;

-- Dumping structure for table e2s_db.user_credentials
CREATE TABLE IF NOT EXISTS `user_credentials` (
  `user_id` int(11) NOT NULL AUTO_INCREMENT,
  `email` varchar(50) CHARACTER SET utf8mb4 COLLATE utf8mb4_unicode_520_ci DEFAULT NULL,
  `password` varchar(150) DEFAULT NULL,
  `first_name` varchar(50) CHARACTER SET utf8mb4 COLLATE utf8mb4_unicode_520_ci DEFAULT NULL,
  `last_name` varchar(50) CHARACTER SET utf8mb4 COLLATE utf8mb4_unicode_520_ci DEFAULT NULL,
  `phone_number` varchar(13) CHARACTER SET utf8mb4 COLLATE utf8mb4_unicode_520_ci DEFAULT NULL,
  `role_id` int(11) DEFAULT NULL,
  PRIMARY KEY (`user_id`),
  KEY `FK_user_credentials_user_roles` (`role_id`),
  CONSTRAINT `FK_user_credentials_user_roles` FOREIGN KEY (`role_id`) REFERENCES `user_roles` (`role_id`) ON DELETE NO ACTION ON UPDATE NO ACTION
) ENGINE=InnoDB AUTO_INCREMENT=8 DEFAULT CHARSET=latin1;

-- Dumping data for table e2s_db.user_credentials: ~6 rows (approximately)
/*!40000 ALTER TABLE `user_credentials` DISABLE KEYS */;
INSERT INTO `user_credentials` (`user_id`, `email`, `password`, `first_name`, `last_name`, `phone_number`, `role_id`) VALUES
	(1, 'ethanaharris10@gmail.com', aes_encrypt('password', 'ethan'), 'Ethan', 'Allen-Harris', '2024014634', 3),
	(2, 'archiesundqvist@outlook.com', aes_encrypt('password', 'ethan'), 'Archie', 'Sundqvist', '1884074747', 3),
	(3, 'archie.wilkins17@gmail.com', aes_encrypt('password', 'ethan'), 'Archie', 'Wilkins', '03337591018', 3),
	(4, 'deannorris@live.co.uk', 'Imnotateacher!!!', 'Dean', 'Norris', '0818719819', 2),
	(5, 'masterbox@gmail.com', 'box2ee?', 'Master', 'Box', '0000000000', 2),
	(6, 'archiesundqvist@outlook.com', 'password12!', 'Archie', 'Sundqvist', '02920243600', 1);
/*!40000 ALTER TABLE `user_credentials` ENABLE KEYS */;

-- Dumping structure for table e2s_db.user_director
CREATE TABLE IF NOT EXISTS `user_director` (
  `director_id` int(11) NOT NULL AUTO_INCREMENT,
  `user_id` int(11) DEFAULT NULL,
  `org_id` int(11) DEFAULT NULL,
  PRIMARY KEY (`director_id`),
  KEY `FK_user_director_user_credentials` (`user_id`),
  KEY `FK_user_director_organisations` (`org_id`),
  CONSTRAINT `FK_user_director_organisations` FOREIGN KEY (`org_id`) REFERENCES `organisations` (`org_id`) ON DELETE NO ACTION ON UPDATE NO ACTION,
  CONSTRAINT `FK_user_director_user_credentials` FOREIGN KEY (`user_id`) REFERENCES `user_credentials` (`user_id`) ON DELETE NO ACTION ON UPDATE NO ACTION
) ENGINE=InnoDB DEFAULT CHARSET=utf8mb4 COLLATE=utf8mb4_unicode_520_ci;

-- Dumping data for table e2s_db.user_director: ~0 rows (approximately)
/*!40000 ALTER TABLE `user_director` DISABLE KEYS */;
/*!40000 ALTER TABLE `user_director` ENABLE KEYS */;

-- Dumping structure for table e2s_db.user_esm
CREATE TABLE IF NOT EXISTS `user_esm` (
  `esm_id` int(11) NOT NULL AUTO_INCREMENT,
  `user_id` int(11) DEFAULT NULL,
  `site_id` int(11) DEFAULT NULL,
  PRIMARY KEY (`esm_id`),
  KEY `FK__user_credentials` (`user_id`),
  KEY `FK_user_esm_sites` (`site_id`),
  CONSTRAINT `FK__user_credentials` FOREIGN KEY (`user_id`) REFERENCES `user_credentials` (`user_id`) ON DELETE NO ACTION ON UPDATE NO ACTION,
  CONSTRAINT `FK_user_esm_sites` FOREIGN KEY (`site_id`) REFERENCES `sites` (`site_id`) ON DELETE NO ACTION ON UPDATE NO ACTION
) ENGINE=InnoDB AUTO_INCREMENT=4 DEFAULT CHARSET=utf8mb4 COLLATE=utf8mb4_unicode_520_ci;

-- Dumping data for table e2s_db.user_esm: ~3 rows (approximately)
/*!40000 ALTER TABLE `user_esm` DISABLE KEYS */;
INSERT INTO `user_esm` (`esm_id`, `user_id`, `site_id`) VALUES
	(1, 1, 1),
	(2, 2, 1),
	(3, 3, 1);
/*!40000 ALTER TABLE `user_esm` ENABLE KEYS */;

-- Dumping structure for table e2s_db.user_external
CREATE TABLE IF NOT EXISTS `user_external` (
  `external_id` int(11) NOT NULL AUTO_INCREMENT,
  `user_id` int(11) DEFAULT NULL,
  PRIMARY KEY (`external_id`),
  KEY `FK_user_external_user_credentials` (`user_id`),
  CONSTRAINT `FK_user_external_user_credentials` FOREIGN KEY (`user_id`) REFERENCES `user_credentials` (`user_id`) ON DELETE NO ACTION ON UPDATE NO ACTION
) ENGINE=InnoDB DEFAULT CHARSET=utf8mb4 COLLATE=utf8mb4_unicode_520_ci;

-- Dumping data for table e2s_db.user_external: ~0 rows (approximately)
/*!40000 ALTER TABLE `user_external` DISABLE KEYS */;
/*!40000 ALTER TABLE `user_external` ENABLE KEYS */;

-- Dumping structure for table e2s_db.user_roles
CREATE TABLE IF NOT EXISTS `user_roles` (
  `role_id` int(11) NOT NULL AUTO_INCREMENT,
  `role_name` varchar(50) COLLATE utf8mb4_unicode_520_ci DEFAULT NULL,
  PRIMARY KEY (`role_id`)
) ENGINE=InnoDB AUTO_INCREMENT=5 DEFAULT CHARSET=utf8mb4 COLLATE=utf8mb4_unicode_520_ci;

-- Dumping data for table e2s_db.user_roles: ~4 rows (approximately)
/*!40000 ALTER TABLE `user_roles` DISABLE KEYS */;
INSERT INTO `user_roles` (`role_id`, `role_name`) VALUES
	(1, 'Admin'),
	(2, 'Director'),
	(3, 'ESM'),
	(4, 'External');
/*!40000 ALTER TABLE `user_roles` ENABLE KEYS */;

/*!40101 SET SQL_MODE=IFNULL(@OLD_SQL_MODE, '') */;
/*!40014 SET FOREIGN_KEY_CHECKS=IFNULL(@OLD_FOREIGN_KEY_CHECKS, 1) */;
/*!40101 SET CHARACTER_SET_CLIENT=@OLD_CHARACTER_SET_CLIENT */;
/*!40111 SET SQL_NOTES=IFNULL(@OLD_SQL_NOTES, 1) */;
